Symbol;exchange
A;nyse
AA;nyse
AACG;nasdaq
AACQ;nasdaq
AACQU;nasdaq
AACQW;nasdaq
AAIC;nyse
AAIC^B;nyse
AAIC^C;nyse
AAL;nasdaq
AAMC;amex
AAME;nasdaq
AAN;nyse
AAOI;nasdaq
AAON;nasdaq
AAP;nyse
AAPL;nasdaq
AAT;nyse
AAU;amex
AAWW;nasdaq
AB;nyse
ABB;nyse
ABBV;nyse
ABC;nyse
ABCB;nasdaq
ABCL;nasdaq
ABCM;nasdaq
ABEO;nasdaq
ABEV;nyse
ABG;nyse
ABGI;nasdaq
ABIO;nasdaq
ABM;nyse
ABMD;nasdaq
ABNB;nasdaq
ABR;nyse
ABR^A;nyse
ABR^B;nyse
ABR^C;nyse
ABST;nasdaq
ABT;nyse
ABTX;nasdaq
ABUS;nasdaq
AC;nyse
ACA;nyse
ACAC;nasdaq
ACACU;nasdaq
ACACW;nasdaq
ACAD;nasdaq
ACB;nyse
ACBI;nasdaq
ACC;nyse
ACCD;nasdaq
ACCO;nyse
ACEL;nyse
ACER;nasdaq
ACET;nasdaq
ACEV;nasdaq
ACEVU;nasdaq
ACEVW;nasdaq
ACGL;nasdaq
ACGLO;nasdaq
ACGLP;nasdaq
ACH;nyse
ACHC;nasdaq
ACHV;nasdaq
ACI;nyse
ACIA;nasdaq
ACIC;nyse
ACIU;nasdaq
ACIW;nasdaq
ACKIT;nasdaq
ACKIU;nasdaq
ACKIW;nasdaq
ACLS;nasdaq
ACM;nyse
ACMR;nasdaq
ACN;nyse
ACNB;nasdaq
ACND;nyse
ACOR;nasdaq
ACP;nyse
ACR;nyse
ACRE;nyse
ACRS;nasdaq
ACRX;nasdaq
ACR^C;nyse
ACST;nasdaq
ACTC;nasdaq
ACTCU;nasdaq
ACTCW;nasdaq
ACTG;nasdaq
ACU;amex
ACV;nyse
ACY;amex
ADAG;nasdaq
ADAP;nasdaq
ADBE;nasdaq
ADC;nyse
ADCT;nyse
ADERU;nasdaq
ADES;nasdaq
ADI;nasdaq
ADIL;nasdaq
ADILW;nasdaq
ADM;nyse
ADMA;nasdaq
ADMP;nasdaq
ADMS;nasdaq
ADN;nasdaq
ADNT;nyse
ADNWW;nasdaq
ADOC;nasdaq
ADOCR;nasdaq
ADOCW;nasdaq
ADP;nasdaq
ADPT;nasdaq
ADS;nyse
ADSK;nasdaq
ADT;nyse
ADTN;nasdaq
ADTX;nasdaq
ADUS;nasdaq
ADV;nasdaq
ADVM;nasdaq
ADVWW;nasdaq
ADX;nyse
ADXN;nasdaq
ADXS;nasdaq
AE;amex
AEACU;nasdaq
AEB;nyse
AEE;nyse
AEF;amex
AEFC;nyse
AEG;nyse
AEGN;nasdaq
AEHL;nasdaq
AEHR;nasdaq
AEI;nasdaq
AEIS;nasdaq
AEL;nyse
AEL^A;nyse
AEL^B;nyse
AEM;nyse
AEMD;nasdaq
AENZ;nyse
AEO;nyse
AEP;nasdaq
AEPPL;nasdaq
AEPPZ;nasdaq
AER;nyse
AERI;nasdaq
AES;nyse
AESE;nasdaq
AEY;nasdaq
AEYE;nasdaq
AEZS;nasdaq
AFB;nyse
AFBI;nasdaq
AFC;nyse
AFG;nyse
AFGB;nyse
AFGC;nyse
AFGD;nyse
AFGE;nyse
AFI;nyse
AFIB;nasdaq
AFIN;nasdaq
AFINO;nasdaq
AFINP;nasdaq
AFL;nyse
AFMD;nasdaq
AFRM;nasdaq
AFT;nyse
AFYA;nasdaq
AG;nyse
AGBA;nasdaq
AGBAR;nasdaq
AGBAW;nasdaq
AGC;nasdaq
AGCB;nyse
AGCO;nyse
AGCUU;nasdaq
AGCWW;nasdaq
AGD;nyse
AGE;amex
AGEN;nasdaq
AGFS;nasdaq
AGFY;nasdaq
AGI;nyse
AGIO;nasdaq
AGLE;nasdaq
AGM;nyse
AGMH;nasdaq
AGM^C;nyse
AGM^D;nyse
AGM^E;nyse
AGM^F;nyse
AGNC;nasdaq
AGNCM;nasdaq
AGNCN;nasdaq
AGNCO;nasdaq
AGNCP;nasdaq
AGO;nyse
AGO^B;nyse
AGO^E;nyse
AGO^F;nyse
AGR;nyse
AGRO;nyse
AGRX;nasdaq
AGS;nyse
AGTC;nasdaq
AGX;nyse
AGYS;nasdaq
AHAC;nasdaq
AHACU;nasdaq
AHACW;nasdaq
AHC;nyse
AHCO;nasdaq
AHH;nyse
AHH^A;nyse
AHL^C;nyse
AHL^D;nyse
AHL^E;nyse
AHPI;nasdaq
AHT;nyse
AHT^D;nyse
AHT^F;nyse
AHT^G;nyse
AHT^H;nyse
AHT^I;nyse
AI;nyse
AIC;nyse
AIF;nyse
AIG;nyse
AIG^A;nyse
AIH;nasdaq
AIHS;nasdaq
AIKI;nasdaq
AIM;amex
AIMC;nasdaq
AIN;nyse
AINC;amex
AINV;nasdaq
AIO;nyse
AIR;nyse
AIRC;nyse
AIRG;nasdaq
AIRI;amex
AIRT;nasdaq
AIRTP;nasdaq
AIRTW;nasdaq
AIT;nyse
AIV;nyse
AIW;nyse
AIZ;nyse
AIZN;nyse
AIZP;nyse
AJAX;nyse
AJG;nyse
AJRD;nyse
AJX;nyse
AJXA;nyse
AKAM;nasdaq
AKBA;nasdaq
AKER;nasdaq
AKICU;nasdaq
AKO/A;nyse
AKO/B;nyse
AKR;nyse
AKRO;nasdaq
AKTS;nasdaq
AKTX;nasdaq
AKU;nasdaq
AKUS;nasdaq
AL;nyse
ALAC;nasdaq
ALACR;nasdaq
ALACW;nasdaq
ALB;nyse
ALBO;nasdaq
ALC;nyse
ALCO;nasdaq
ALDX;nasdaq
ALE;nyse
ALEC;nasdaq
ALEX;nyse
ALG;nyse
ALGM;nasdaq
ALGN;nasdaq
ALGS;nasdaq
ALGT;nasdaq
ALIM;nasdaq
ALIN^A;nyse
ALIN^B;nyse
ALIN^E;nyse
ALJJ;nasdaq
ALK;nyse
ALKS;nasdaq
ALL;nyse
ALLE;nyse
ALLK;nasdaq
ALLO;nasdaq
ALLT;nasdaq
ALLY;nyse
ALLY^A;nyse
ALL^B;nyse
ALL^G;nyse
ALL^H;nyse
ALL^I;nyse
ALNA;nasdaq
ALNY;nasdaq
ALOT;nasdaq
ALPN;nasdaq
ALP^Q;nyse
ALRM;nasdaq
ALRN;nasdaq
ALRS;nasdaq
ALSK;nasdaq
ALSN;nyse
ALT;nasdaq
ALTA;nasdaq
ALTG;nyse
ALTG^A;nyse
ALTM;nasdaq
ALTO;nasdaq
ALTR;nasdaq
ALTU;nasdaq
ALTUU;nasdaq
ALTUW;nasdaq
ALUS;nyse
ALV;nyse
ALVR;nasdaq
ALX;nyse
ALXN;nasdaq
ALXO;nasdaq
ALYA;nasdaq
AL^A;nyse
AM;nyse
AMAL;nasdaq
AMAT;nasdaq
AMBA;nasdaq
AMBC;nyse
AMBO;amex
AMC;nyse
AMCR;nyse
AMCX;nasdaq
AMD;nasdaq
AME;nyse
AMED;nasdaq
AMEH;nasdaq
AMG;nyse
AMGN;nasdaq
AMH;nyse
AMHC;nasdaq
AMHCU;nasdaq
AMHCW;nasdaq
AMH^D;nyse
AMH^E;nyse
AMH^F;nyse
AMH^G;nyse
AMH^H;nyse
AMK;nyse
AMKR;nasdaq
AMN;nyse
AMNB;nasdaq
AMOT;nasdaq
AMOV;nyse
AMP;nyse
AMPE;amex
AMPG;nasdaq
AMPGW;nasdaq
AMPH;nasdaq
AMPY;nyse
AMR;nyse
AMRB;nasdaq
AMRC;nyse
AMRK;nasdaq
AMRN;nasdaq
AMRS;nasdaq
AMRX;nyse
AMS;amex
AMSC;nasdaq
AMSF;nasdaq
AMST;nasdaq
AMSWA;nasdaq
AMT;nyse
AMTB;nasdaq
AMTBB;nasdaq
AMTI;nasdaq
AMTX;nasdaq
AMWD;nasdaq
AMWL;nyse
AMX;nyse
AMYT;nasdaq
AMZN;nasdaq
AN;nyse
ANAB;nasdaq
ANAT;nasdaq
ANCN;nasdaq
ANDA;nasdaq
ANDAR;nasdaq
ANDAW;nasdaq
ANDE;nasdaq
ANET;nyse
ANF;nyse
ANGI;nasdaq
ANGN;nasdaq
ANGO;nasdaq
ANH;nyse
ANH^A;nyse
ANH^B;nyse
ANH^C;nyse
ANIK;nasdaq
ANIP;nasdaq
ANIX;nasdaq
ANNX;nasdaq
ANPC;nasdaq
ANSS;nasdaq
ANTE;nasdaq
ANTM;nyse
ANVS;amex
ANY;nasdaq
AOD;nyse
AON;nyse
AONE;nyse
AOS;nyse
AOSL;nasdaq
AOUT;nasdaq
AP;nyse
APA;nasdaq
APAM;nyse
APD;nyse
APDN;nasdaq
APEI;nasdaq
APEN;nasdaq
APG;nyse
APH;nyse
APHA;nasdaq
API;nasdaq
APLE;nyse
APLS;nasdaq
APLT;nasdaq
APM;nasdaq
APO;nyse
APOG;nasdaq
APOP;nasdaq
APOPW;nasdaq
APO^A;nyse
APO^B;nyse
APPF;nasdaq
APPH;nasdaq
APPHW;nasdaq
APPN;nasdaq
APPS;nasdaq
APR;nasdaq
APRE;nasdaq
APRN;nyse
APSG;nyse
APT;amex
APTO;nasdaq
APTS;nyse
APTV;nyse
APTV^A;nyse
APTX;nasdaq
APVO;nasdaq
APWC;nasdaq
APXT;nasdaq
APXTU;nasdaq
APXTW;nasdaq
APYX;nasdaq
AQB;nasdaq
AQMS;nasdaq
AQN;nyse
AQNA;nyse
AQNB;nyse
AQST;nasdaq
AQUA;nyse
AR;nyse
ARAV;nasdaq
ARAY;nasdaq
ARBG;nasdaq
ARBGU;nasdaq
ARBGW;nasdaq
ARC;nyse
ARCB;nasdaq
ARCC;nasdaq
ARCE;nasdaq
ARCH;nyse
ARCO;nyse
ARCT;nasdaq
ARD;nyse
ARDC;nyse
ARDS;nasdaq
ARDX;nasdaq
ARE;nyse
AREC;nasdaq
ARES;nyse
ARES^A;nyse
ARGD;nyse
ARGO;nyse
ARGO^A;nyse
ARGX;nasdaq
ARI;nyse
ARKIU;nasdaq
ARKO;nasdaq
ARKOW;nasdaq
ARKR;nasdaq
ARL;nyse
ARLO;nyse
ARLP;nasdaq
ARMK;nyse
ARMP;amex
ARNA;nasdaq
ARNC;nyse
AROC;nyse
AROW;nasdaq
ARPO;nasdaq
ARQT;nasdaq
ARR;nyse
ARRY;nasdaq
ARR^C;nyse
ARTL;nasdaq
ARTLW;nasdaq
ARTNA;nasdaq
ARTW;nasdaq
ARVN;nasdaq
ARW;nyse
ARWR;nasdaq
ARYA;nasdaq
ASA;nyse
ASAN;nyse
ASAQ;nyse
ASAXU;nasdaq
ASB;nyse
ASB^C;nyse
ASB^D;nyse
ASB^E;nyse
ASB^F;nyse
ASC;nyse
ASG;nyse
ASGI;nyse
ASGN;nyse
ASH;nyse
ASIX;nyse
ASLE;nasdaq
ASLEW;nasdaq
ASLN;nasdaq
ASM;amex
ASMB;nasdaq
ASML;nasdaq
ASND;nasdaq
ASO;nasdaq
ASPCU;nasdaq
ASPL;nyse
ASPN;nyse
ASPS;nasdaq
ASPU;nasdaq
ASR;nyse
ASRT;nasdaq
ASRV;nasdaq
ASRVP;nasdaq
ASTC;nasdaq
ASTE;nasdaq
ASUR;nasdaq
ASX;nyse
ASYS;nasdaq
AT;nyse
ATA;nyse
ATAC;nyse
ATAX;nasdaq
ATC;nyse
ATCO;nyse
ATCO^D;nyse
ATCO^E;nyse
ATCO^G;nyse
ATCO^H;nyse
ATCO^I;nyse
ATCX;nasdaq
ATEC;nasdaq
ATEN;nyse
ATEX;nasdaq
ATGE;nyse
ATH;nyse
ATHA;nasdaq
ATHE;nasdaq
ATHM;nyse
ATHX;nasdaq
ATH^A;nyse
ATH^B;nyse
ATH^C;nyse
ATH^D;nyse
ATI;nyse
ATIF;nasdaq
ATKR;nyse
ATLC;nasdaq
ATLO;nasdaq
ATNF;nasdaq
ATNFW;nasdaq
ATNI;nasdaq
ATNM;amex
ATNX;nasdaq
ATO;nyse
ATOM;nasdaq
ATOS;nasdaq
ATR;nyse
ATRA;nasdaq
ATRC;nasdaq
ATRI;nasdaq
ATRO;nasdaq
ATRS;nasdaq
ATSG;nasdaq
ATTO;nyse
ATUS;nyse
ATVI;nasdaq
ATXI;nasdaq
AU;nyse
AUB;nasdaq
AUBAP;nasdaq
AUBN;nasdaq
AUDC;nasdaq
AUMN;amex
AUPH;nasdaq
AUTL;nasdaq
AUTO;nasdaq
AUUD;nasdaq
AUUDW;nasdaq
AUVI;nasdaq
AUY;nyse
AVA;nyse
AVAL;nyse
AVAN;nyse
AVAV;nasdaq
AVB;nyse
AVCO;nasdaq
AVCT;nasdaq
AVCTW;nasdaq
AVD;nyse
AVDL;nasdaq
AVEO;nasdaq
AVGO;nasdaq
AVGOP;nasdaq
AVGR;nasdaq
AVID;nasdaq
AVIR;nasdaq
AVK;nyse
AVLR;nyse
AVNS;nyse
AVNT;nyse
AVNW;nasdaq
AVO;nasdaq
AVRO;nasdaq
AVT;nasdaq
AVTR;nyse
AVTR^A;nyse
AVXL;nasdaq
AVY;nyse
AVYA;nyse
AWF;nyse
AWH;nasdaq
AWI;nyse
AWK;nyse
AWP;nyse
AWR;nyse
AWRE;nasdaq
AWX;amex
AX;nyse
AXAS;nasdaq
AXDX;nasdaq
AXGN;nasdaq
AXL;nyse
AXLA;nasdaq
AXNX;nasdaq
AXO;nyse
AXON;nasdaq
AXP;nyse
AXR;nyse
AXS;nyse
AXSM;nasdaq
AXS^E;nyse
AXTA;nyse
AXTI;nasdaq
AXU;amex
AY;nasdaq
AYI;nyse
AYLA;nasdaq
AYRO;nasdaq
AYTU;nasdaq
AYX;nyse
AZEK;nyse
AZN;nasdaq
AZO;nyse
AZPN;nasdaq
AZRE;nyse
AZRX;nasdaq
AZUL;nyse
AZYO;nasdaq
AZZ;nyse
B;nyse
BA;nyse
BABA;nyse
BAC;nyse
BAC^A;nyse
BAC^B;nyse
BAC^E;nyse
BAC^K;nyse
BAC^L;nyse
BAC^M;nyse
BAC^N;nyse
BAC^O;nyse
BAC^P;nyse
BAF;nyse
BAH;nyse
BAK;nyse
BALY;nyse
BAM;nyse
BAMH;nyse
BAMI;nyse
BANC;nyse
BANC^D;nyse
BANC^E;nyse
BAND;nasdaq
BANF;nasdaq
BANFP;nasdaq
BANR;nasdaq
BANX;nasdaq
BAOS;nasdaq
BAP;nyse
BASI;nasdaq
BATL;amex
BATRA;nasdaq
BATRK;nasdaq
BAX;nyse
BB;nyse
BBAR;nyse
BBBY;nasdaq
BBCP;nasdaq
BBD;nyse
BBDC;nyse
BBDO;nyse
BBF;nyse
BBGI;nasdaq
BBI;nasdaq
BBIG;nasdaq
BBIO;nasdaq
BBK;nyse
BBL;nyse
BBN;nyse
BBQ;nasdaq
BBSI;nasdaq
BBU;nyse
BBVA;nyse
BBW;nyse
BBY;nyse
BC;nyse
BCAB;nasdaq
BCACU;nasdaq
BCAT;nyse
BCBP;nasdaq
BCC;nyse
BCDA;nasdaq
BCDAW;nasdaq
BCE;nyse
BCEI;nyse
BCEL;nasdaq
BCH;nyse
BCLI;nasdaq
BCML;nasdaq
BCO;nyse
BCOR;nasdaq
BCOV;nasdaq
BCOW;nasdaq
BCPC;nasdaq
BCRX;nasdaq
BCS;nyse
BCSF;nyse
BCTG;nasdaq
BCV;amex
BCV^A;amex
BCX;nyse
BCYC;nasdaq
BCYP;nasdaq
BCYPU;nasdaq
BCYPW;nasdaq
BC^A;nyse
BC^B;nyse
BC^C;nyse
BDC;nyse
BDJ;nyse
BDL;amex
BDN;nyse
BDR;amex
BDSI;nasdaq
BDSX;nasdaq
BDTX;nasdaq
BDX;nyse
BDXB;nyse
BE;nyse
BEAM;nasdaq
BECN;nasdaq
BEDU;nyse
BEEM;nasdaq
BEEMW;nasdaq
BEKE;nyse
BELFA;nasdaq
BELFB;nasdaq
BEN;nyse
BENE;nasdaq
BENER;nasdaq
BENEU;nasdaq
BENEW;nasdaq
BEP;nyse
BEPC;nyse
BEP^A;nyse
BERY;nyse
BEST;nyse
BF/A;nyse
BF/B;nyse
BFAM;nyse
BFC;nasdaq
BFI;nasdaq
BFIIW;nasdaq
BFIN;nasdaq
BFK;nyse
BFLY;nyse
BFRA;nasdaq
BFS;nyse
BFST;nasdaq
BFS^D;nyse
BFS^E;nyse
BFT;nyse
BFY;nyse
BFZ;nyse
BG;nyse
BGB;nyse
BGCP;nasdaq
BGFV;nasdaq
BGH;nyse
BGI;amex
BGIO;nyse
BGNE;nasdaq
BGR;nyse
BGS;nyse
BGSF;nyse
BGT;nyse
BGX;nyse
BGY;nyse
BH;nyse
BHAT;nasdaq
BHB;amex
BHC;nyse
BHE;nyse
BHF;nasdaq
BHFAL;nasdaq
BHFAN;nasdaq
BHFAO;nasdaq
BHFAP;nasdaq
BHK;nyse
BHLB;nyse
BHP;nyse
BHR;nyse
BHR^B;nyse
BHR^D;nyse
BHSE;nasdaq
BHSEU;nasdaq
BHSEW;nasdaq
BHTG;nasdaq
BHV;nyse
BHVN;nyse
BIDU;nasdaq
BIF;nyse
BIG;nyse
BIGC;nasdaq
BIIB;nasdaq
BILI;nasdaq
BILL;nyse
BIMI;nasdaq
BIO;nyse
BIO/B;nyse
BIOC;nasdaq
BIOL;nasdaq
BIOTU;nasdaq
BIOX;amex
BIP;nyse
BIPC;nyse
BIP^A;nyse
BIP^B;nyse
BIT;nyse
BIVI;nasdaq
BJ;nyse
BJRI;nasdaq
BK;nyse
BKCC;nasdaq
BKD;nyse
BKE;nyse
BKEP;nasdaq
BKEPP;nasdaq
BKH;nyse
BKI;nyse
BKN;nyse
BKNG;nasdaq
BKR;nyse
BKSC;nasdaq
BKT;nyse
BKTI;amex
BKU;nyse
BKYI;nasdaq
BL;nasdaq
BLBD;nasdaq
BLCM;nasdaq
BLCT;nasdaq
BLD;nyse
BLDP;nasdaq
BLDR;nasdaq
BLE;nyse
BLFS;nasdaq
BLI;nasdaq
BLIN;nasdaq
BLK;nyse
BLKB;nasdaq
BLL;nyse
BLMN;nasdaq
BLNK;nasdaq
BLNKW;nasdaq
BLPH;nasdaq
BLRX;nasdaq
BLSA;nasdaq
BLTSU;nasdaq
BLU;nasdaq
BLUE;nasdaq
BLUW;nasdaq
BLUWU;nasdaq
BLUWW;nasdaq
BLW;nyse
BLX;nyse
BMA;nyse
BMBL;nasdaq
BME;nyse
BMEZ;nyse
BMI;nyse
BML^G;nyse
BML^H;nyse
BML^J;nyse
BML^L;nyse
BMO;nyse
BMRA;nasdaq
BMRC;nasdaq
BMRN;nasdaq
BMTC;nasdaq
BMTX;amex
BMY;nyse
BNED;nyse
BNFT;nasdaq
BNGO;nasdaq
BNGOW;nasdaq
BNL;nyse
BNR;nasdaq
BNS;nyse
BNSO;nasdaq
BNTC;nasdaq
BNTX;nasdaq
BNY;nyse
BOAC;nyse
BOCH;nasdaq
BOE;nyse
BOH;nyse
BOKF;nasdaq
BOKFL;nasdaq
BOLT;nasdaq
BOMN;nasdaq
BOOM;nasdaq
BOOT;nyse
BORR;nyse
BOSC;nasdaq
BOTJ;nasdaq
BOWX;nasdaq
BOWXU;nasdaq
BOWXW;nasdaq
BOX;nyse
BOXL;nasdaq
BP;nyse
BPFH;nasdaq
BPMC;nasdaq
BPMP;nyse
BPOP;nasdaq
BPOPM;nasdaq
BPOPN;nasdaq
BPRN;nasdaq
BPT;nyse
BPTH;nasdaq
BPTS;nasdaq
BPY;nasdaq
BPYPN;nasdaq
BPYPO;nasdaq
BPYPP;nasdaq
BPYU;nasdaq
BPYUP;nasdaq
BQ;nyse
BR;nyse
BRBR;nyse
BRBS;amex
BRC;nyse
BREZ;nasdaq
BREZR;nasdaq
BREZW;nasdaq
BRFS;nyse
BRG;amex
BRG^A;amex
BRG^C;amex
BRG^D;amex
BRID;nasdaq
BRK/A;nyse
BRK/B;nyse
BRKL;nasdaq
BRKR;nasdaq
BRKS;nasdaq
BRLI;nasdaq
BRLIR;nasdaq
BRLIU;nasdaq
BRLIW;nasdaq
BRMK;nyse
BRN;amex
BRO;nyse
BROG;nasdaq
BROGW;nasdaq
BRP;nasdaq
BRPA;nasdaq
BRPAR;nasdaq
BRPAU;nasdaq
BRPAW;nasdaq
BRPMU;nasdaq
BRQS;nasdaq
BRT;nyse
BRX;nyse
BRY;nasdaq
BSA;nyse
BSAC;nyse
BSBK;nasdaq
BSBR;nyse
BSD;nyse
BSE;nyse
BSET;nasdaq
BSGM;nasdaq
BSIG;nyse
BSL;nyse
BSM;nyse
BSMX;nyse
BSN;nyse
BSPE;nasdaq
BSQR;nasdaq
BSRR;nasdaq
BST;nyse
BSTZ;nyse
BSVN;nasdaq
BSX;nyse
BSX^A;nyse
BSY;nasdaq
BTA;nyse
BTAI;nasdaq
BTAQ;nasdaq
BTAQU;nasdaq
BTAQW;nasdaq
BTBT;nasdaq
BTG;amex
BTI;nyse
BTN;amex
BTNB;nasdaq
BTO;nyse
BTRS;nasdaq
BTRSW;nasdaq
BTT;nyse
BTU;nyse
BTWN;nasdaq
BTWNU;nasdaq
BTWNW;nasdaq
BTZ;nyse
BUD;nyse
BUI;nyse
BUR;nyse
BURL;nyse
BUSE;nasdaq
BV;nyse
BVH;nyse
BVN;nyse
BVS;nasdaq
BVXV;nasdaq
BW;nyse
BWA;nyse
BWAC;nasdaq
BWACU;nasdaq
BWACW;nasdaq
BWAY;nasdaq
BWB;nasdaq
BWEN;nasdaq
BWFG;nasdaq
BWG;nyse
BWL/A;amex
BWMX;nasdaq
BWSN;nyse
BWXT;nyse
BX;nyse
BXC;nyse
BXG;nyse
BXMT;nyse
BXMX;nyse
BXP;nyse
BXP^B;nyse
BXRX;nasdaq
BXS;nyse
BXS^A;nyse
BY;nyse
BYD;nyse
BYFC;nasdaq
BYM;nyse
BYND;nasdaq
BYSI;nasdaq
BZH;nyse
BZM;nyse
BZUN;nasdaq
C;nyse
CAAP;nyse
CAAS;nasdaq
CABA;nasdaq
CABO;nyse
CAC;nasdaq
CACC;nasdaq
CACI;nyse
CADE;nyse
CAE;nyse
CAF;nyse
CAG;nyse
CAH;nyse
CAHCU;nasdaq
CAI;nyse
CAI^A;nyse
CAI^B;nyse
CAJ;nyse
CAKE;nasdaq
CAL;nyse
CALA;nasdaq
CALB;nasdaq
CALM;nasdaq
CALT;nasdaq
CALX;nyse
CAMP;nasdaq
CAMT;nasdaq
CAN;nasdaq
CANF;amex
CANG;nyse
CAP;nyse
CAPA;nasdaq
CAPAU;nasdaq
CAPAW;nasdaq
CAPL;nyse
CAPR;nasdaq
CAR;nasdaq
CARA;nasdaq
CARE;nasdaq
CARG;nasdaq
CARR;nyse
CARS;nyse
CARV;nasdaq
CAS;nyse
CASA;nasdaq
CASH;nasdaq
CASI;nasdaq
CASS;nasdaq
CASY;nasdaq
CAT;nyse
CATB;nasdaq
CATC;nasdaq
CATM;nasdaq
CATO;nyse
CATY;nasdaq
CB;nyse
CBAH;nyse
CBAN;nasdaq
CBAT;nasdaq
CBAY;nasdaq
CBB;nyse
CBB^B;nyse
CBD;nyse
CBFV;nasdaq
CBH;nyse
CBIO;nasdaq
CBLI;nasdaq
CBMB;nasdaq
CBMG;nasdaq
CBNK;nasdaq
CBPO;nasdaq
CBRE;nyse
CBRL;nasdaq
CBSH;nasdaq
CBT;nyse
CBTX;nasdaq
CBU;nyse
CBZ;nyse
CC;nyse
CCAC;nyse
CCAP;nasdaq
CCB;nasdaq
CCBG;nasdaq
CCCC;nasdaq
CCD;nasdaq
CCEP;nyse
CCF;amex
CCI;nyse
CCIV;nyse
CCJ;nyse
CCK;nyse
CCL;nyse
CCLP;nasdaq
CCM;nyse
CCMP;nasdaq
CCNC;nasdaq
CCNE;nasdaq
CCNEP;nasdaq
CCO;nyse
CCOI;nasdaq
CCRC;nasdaq
CCRN;nasdaq
CCS;nyse
CCU;nyse
CCV;nyse
CCX;nyse
CCXI;nasdaq
CCZ;nyse
CD;nasdaq
CDAK;nasdaq
CDAY;nyse
CDE;nyse
CDEV;nasdaq
CDK;nasdaq
CDLX;nasdaq
CDMO;nasdaq
CDMOP;nasdaq
CDNA;nasdaq
CDNS;nasdaq
CDOR;amex
CDR;nyse
CDR^B;nyse
CDR^C;nyse
CDTX;nasdaq
CDW;nasdaq
CDXC;nasdaq
CDXS;nasdaq
CDZI;nasdaq
CE;nyse
CEA;nyse
CECE;nasdaq
CEE;nyse
CEI;amex
CEIX;nyse
CELC;nasdaq
CELH;nasdaq
CELP;nyse
CEM;nyse
CEMI;nasdaq
CEN;nyse
CENHU;nasdaq
CENT;nasdaq
CENTA;nasdaq
CENX;nasdaq
CEO;nyse
CEPU;nyse
CEQP;nyse
CEQP^;nyse
CERC;nasdaq
CERE;nasdaq
CEREW;nasdaq
CERN;nasdaq
CERS;nasdaq
CERT;nasdaq
CET;amex
CETX;nasdaq
CETXP;nasdaq
CETXW;nasdaq
CEV;amex
CEVA;nasdaq
CF;nyse
CFAC;nasdaq
CFACU;nasdaq
CFACW;nasdaq
CFB;nasdaq
CFBK;nasdaq
CFFI;nasdaq
CFFN;nasdaq
CFFVU;nasdaq
CFG;nyse
CFG^D;nyse
CFG^E;nyse
CFII;nasdaq
CFIIU;nasdaq
CFIIW;nasdaq
CFIV;nasdaq
CFIVU;nasdaq
CFIVW;nasdaq
CFMS;nasdaq
CFR;nyse
CFRX;nasdaq
CFR^B;nyse
CFVIU;nasdaq
CFX;nyse
CFXA;nyse
CG;nasdaq
CGA;nyse
CGBD;nasdaq
CGC;nasdaq
CGEM;nasdaq
CGEN;nasdaq
CGIX;nasdaq
CGNT;nasdaq
CGNX;nasdaq
CGO;nasdaq
CGRO;nasdaq
CGROU;nasdaq
CGROW;nasdaq
CHAQ;amex
CHCI;nasdaq
CHCO;nasdaq
CHCT;nyse
CHD;nyse
CHDN;nasdaq
CHE;nyse
CHEF;nasdaq
CHEK;nasdaq
CHEKZ;nasdaq
CHFS;nasdaq
CHFW;amex
CHGG;nyse
CHH;nyse
CHI;nasdaq
CHK;nasdaq
CHKEL;nasdaq
CHKEW;nasdaq
CHKEZ;nasdaq
CHKP;nasdaq
CHMA;nasdaq
CHMG;nasdaq
CHMI;nyse
CHMI^A;nyse
CHMI^B;nyse
CHN;nyse
CHNG;nasdaq
CHNGU;nasdaq
CHNR;nasdaq
CHPM;nasdaq
CHPMU;nasdaq
CHPMW;nasdaq
CHRA;nyse
CHRS;nasdaq
CHRW;nasdaq
CHS;nyse
CHSCL;nasdaq
CHSCM;nasdaq
CHSCN;nasdaq
CHSCO;nasdaq
CHSCP;nasdaq
CHT;nyse
CHTR;nasdaq
CHUY;nasdaq
CHW;nasdaq
CHWY;nyse
CHX;nasdaq
CHY;nasdaq
CI;nyse
CIA;nyse
CIB;nyse
CIDM;nasdaq
CIEN;nyse
CIF;nyse
CIG;nyse
CIGI;nasdaq
CIH;nasdaq
CII;nyse
CIIC;nasdaq
CIICU;nasdaq
CIICW;nasdaq
CIK;amex
CIM;nyse
CIM^A;nyse
CIM^B;nyse
CIM^C;nyse
CIM^D;nyse
CINF;nasdaq
CINR;nyse
CIO;nyse
CIO^A;nyse
CIR;nyse
CIT;nyse
CIT^B;nyse
CIVB;nasdaq
CIX;amex
CIXX;nyse
CIZN;nasdaq
CJJD;nasdaq
CKH;nyse
CKPT;nasdaq
CKX;amex
CL;nyse
CLA;nyse
CLAR;nasdaq
CLB;nyse
CLBK;nasdaq
CLBS;nasdaq
CLDB;nasdaq
CLDR;nyse
CLDT;nyse
CLDX;nasdaq
CLEU;nasdaq
CLF;nyse
CLFD;nasdaq
CLGN;nasdaq
CLGX;nyse
CLH;nyse
CLI;nyse
CLII;nyse
CLIR;nasdaq
CLLS;nasdaq
CLM;amex
CLMT;nasdaq
CLNC;nyse
CLNE;nasdaq
CLNN;nasdaq
CLNNW;nasdaq
CLNY;nyse
CLNY^G;nyse
CLNY^H;nyse
CLNY^I;nyse
CLNY^J;nyse
CLOV;nasdaq
CLOVW;nasdaq
CLPR;nyse
CLPS;nasdaq
CLPT;nasdaq
CLR;nyse
CLRB;nasdaq
CLRBZ;nasdaq
CLRMU;nasdaq
CLRO;nasdaq
CLS;nyse
CLSD;nasdaq
CLSK;nasdaq
CLSN;nasdaq
CLVR;nasdaq
CLVRW;nasdaq
CLVS;nasdaq
CLVT;nyse
CLW;nyse
CLWT;nasdaq
CLX;nyse
CLXT;nasdaq
CM;nyse
CMA;nyse
CMBM;nasdaq
CMC;nyse
CMCL;amex
CMCM;nyse
CMCO;nasdaq
CMCSA;nasdaq
CMCT;nasdaq
CMD;nyse
CME;nasdaq
CMFNL;nasdaq
CMG;nyse
CMI;nyse
CMLF;nasdaq
CMLFU;nasdaq
CMLFW;nasdaq
CMLS;nasdaq
CMO;nyse
CMO^E;nyse
CMP;nyse
CMPI;nasdaq
CMPR;nasdaq
CMPS;nasdaq
CMRE;nyse
CMRE^B;nyse
CMRE^C;nyse
CMRE^D;nyse
CMRE^E;nyse
CMRX;nasdaq
CMS;nyse
CMSA;nyse
CMSC;nyse
CMSD;nyse
CMS^B;nyse
CMT;amex
CMTL;nasdaq
CMU;nyse
CNA;nyse
CNBKA;nasdaq
CNC;nyse
CNCE;nasdaq
CND;nyse
CNDT;nasdaq
CNET;nasdaq
CNEY;nasdaq
CNF;nyse
CNFR;nasdaq
CNFRL;nasdaq
CNHI;nyse
CNI;nyse
CNK;nyse
CNMD;nyse
CNNB;nasdaq
CNNE;nyse
CNO;nyse
CNOB;nasdaq
CNO^A;nyse
CNP;nyse
CNP^B;nyse
CNQ;nyse
CNR;nyse
CNS;nyse
CNSL;nasdaq
CNSP;nasdaq
CNST;nasdaq
CNTG;nasdaq
CNTY;nasdaq
CNX;nyse
CNXC;nasdaq
CNXN;nasdaq
CO;nyse
COCP;nasdaq
CODA;nasdaq
CODI;nyse
CODI^A;nyse
CODI^B;nyse
CODI^C;nyse
CODX;nasdaq
COE;nyse
COF;nyse
COFS;nasdaq
COF^G;nyse
COF^H;nyse
COF^I;nyse
COF^J;nyse
COF^K;nyse
COG;nyse
COGT;nasdaq
COHN;amex
COHR;nasdaq
COHU;nasdaq
COKE;nasdaq
COLB;nasdaq
COLD;nyse
COLL;nasdaq
COLM;nasdaq
COMM;nasdaq
COMS;nasdaq
COMSW;nasdaq
CONE;nasdaq
CONN;nasdaq
CONX;nasdaq
CONXU;nasdaq
CONXW;nasdaq
COO;nyse
COOL;nasdaq
COOLU;nasdaq
COOLW;nasdaq
COOP;nasdaq
COP;nyse
COR;nyse
CORE;nasdaq
CORR;nyse
CORR^A;nyse
CORT;nasdaq
COST;nasdaq
COTY;nyse
COUP;nasdaq
COVAU;nasdaq
COWN;nasdaq
COWNL;nasdaq
COWNZ;nasdaq
CP;nyse
CPA;nyse
CPAC;nyse
CPAH;nasdaq
CPB;nyse
CPE;nyse
CPF;nyse
CPG;nyse
CPHC;nasdaq
CPHI;amex
CPIX;nasdaq
CPK;nyse
CPLG;nyse
CPLP;nasdaq
CPRI;nyse
CPRT;nasdaq
CPRX;nasdaq
CPS;nyse
CPSH;nasdaq
CPSI;nasdaq
CPSR;nyse
CPSS;nasdaq
CPST;nasdaq
CPT;nyse
CPTA;nasdaq
CPTAG;nasdaq
CPTAL;nasdaq
CPZ;nasdaq
CQP;amex
CR;nyse
CRAI;nasdaq
CRBP;nasdaq
CRC;nyse
CRD/A;nyse
CRD/B;nyse
CRDF;nasdaq
CREE;nasdaq
CREG;nasdaq
CRESY;nasdaq
CREX;nasdaq
CREXW;nasdaq
CRF;amex
CRH;nyse
CRHC;nyse
CRHM;amex
CRI;nyse
CRIS;nasdaq
CRK;nyse
CRKN;nasdaq
CRL;nyse
CRM;nyse
CRMD;nasdaq
CRMT;nasdaq
CRNC;nasdaq
CRNT;nasdaq
CRNX;nasdaq
CRON;nasdaq
CROX;nasdaq
CRS;nyse
CRSA;nasdaq
CRSAU;nasdaq
CRSAW;nasdaq
CRSP;nasdaq
CRSR;nasdaq
CRT;nyse
CRTD;nasdaq
CRTDW;nasdaq
CRTO;nasdaq
CRTX;nasdaq
CRUS;nasdaq
CRVL;nasdaq
CRVS;nasdaq
CRWD;nasdaq
CRWS;nasdaq
CRY;nyse
CS;nyse
CSBR;nasdaq
CSCO;nasdaq
CSCW;nasdaq
CSGP;nasdaq
CSGS;nasdaq
CSII;nasdaq
CSIQ;nasdaq
CSL;nyse
CSLT;nyse
CSOD;nasdaq
CSPI;nasdaq
CSPR;nyse
CSQ;nasdaq
CSR;nyse
CSR^C;nyse
CSSE;nasdaq
CSSEN;nasdaq
CSSEP;nasdaq
CSTE;nasdaq
CSTL;nasdaq
CSTM;nyse
CSTR;nasdaq
CSU;nyse
CSV;nyse
CSWC;nasdaq
CSWI;nasdaq
CSX;nasdaq
CTAC;nyse
CTAQ;nasdaq
CTAQU;nasdaq
CTAQW;nasdaq
CTAS;nasdaq
CTA^A;nyse
CTA^B;nyse
CTB;nyse
CTBB;nyse
CTBI;nasdaq
CTDD;nyse
CTEK;amex
CTG;nasdaq
CTHR;nasdaq
CTIB;nasdaq
CTIC;nasdaq
CTK;nyse
CTLT;nyse
CTMX;nasdaq
CTO;nyse
CTR;nyse
CTRE;nasdaq
CTRM;nasdaq
CTRN;nasdaq
CTS;nyse
CTSH;nasdaq
CTSO;nasdaq
CTT;nyse
CTVA;nyse
CTXR;nasdaq
CTXRW;nasdaq
CTXS;nasdaq
CUB;nyse
CUBA;nasdaq
CUBB;nyse
CUBE;nyse
CUBI;nyse
CUBI^C;nyse
CUBI^D;nyse
CUBI^E;nyse
CUBI^F;nyse
CUE;nasdaq
CUEN;nasdaq
CUENW;nasdaq
CUK;nyse
CULP;nyse
CURI;nasdaq
CURIW;nasdaq
CURO;nyse
CUTR;nasdaq
CUZ;nyse
CVA;nyse
CVAC;nasdaq
CVBF;nasdaq
CVCO;nasdaq
CVCY;nasdaq
CVE;nyse
CVEO;nyse
CVET;nasdaq
CVGI;nasdaq
CVGW;nasdaq
CVI;nyse
CVLB;nasdaq
CVLG;nasdaq
CVLT;nasdaq
CVLY;nasdaq
CVM;amex
CVNA;nyse
CVR;amex
CVS;nyse
CVU;amex
CVV;nasdaq
CVX;nyse
CW;nyse
CWBC;nasdaq
CWBR;nasdaq
CWCO;nasdaq
CWEN;nyse
CWH;nyse
CWK;nyse
CWST;nasdaq
CWT;nyse
CX;nyse
CXDC;nasdaq
CXDO;nasdaq
CXE;nyse
CXH;nyse
CXP;nyse
CXW;nyse
CYAD;nasdaq
CYAN;nasdaq
CYBE;nasdaq
CYBR;nasdaq
CYCC;nasdaq
CYCN;nasdaq
CYD;nyse
CYH;nyse
CYRN;nasdaq
CYRX;nasdaq
CYTH;nasdaq
CYTHW;nasdaq
CYTK;nasdaq
CZNC;nasdaq
CZR;nasdaq
CZWI;nasdaq
CZZ;nyse
C^J;nyse
C^K;nyse
C^N;nyse
D;nyse
DAC;nyse
DADA;nasdaq
DAIO;nasdaq
DAKT;nasdaq
DAL;nyse
DAN;nyse
DAO;nyse
DAR;nyse
DARE;nasdaq
DASH;nyse
DAVA;nyse
DB;nyse
DBD;nyse
DBDR;nasdaq
DBDRU;nasdaq
DBDRW;nasdaq
DBI;nyse
DBL;nyse
DBTX;nasdaq
DBVT;nasdaq
DBX;nasdaq
DCBO;nasdaq
DCF;nyse
DCI;nyse
DCO;nyse
DCOM;nasdaq
DCOMP;nasdaq
DCP;nyse
DCPH;nasdaq
DCP^B;nyse
DCP^C;nyse
DCRB;nasdaq
DCRBU;nasdaq
DCRBW;nasdaq
DCRNU;nasdaq
DCT;nasdaq
DCTH;nasdaq
DCUE;nyse
DD;nyse
DDD;nyse
DDF;nyse
DDMX;nasdaq
DDMXU;nasdaq
DDMXW;nasdaq
DDOG;nasdaq
DDS;nyse
DDT;nyse
DE;nyse
DEA;nyse
DECK;nyse
DEH;nyse
DEI;nyse
DELL;nyse
DEN;nyse
DENN;nasdaq
DEO;nyse
DESP;nyse
DEX;nyse
DFFN;nasdaq
DFH;nasdaq
DFHT;nasdaq
DFHTU;nasdaq
DFHTW;nasdaq
DFIN;nyse
DFNS;nyse
DFP;nyse
DFPH;nasdaq
DFPHU;nasdaq
DFPHW;nasdaq
DFS;nyse
DG;nyse
DGICA;nasdaq
DGICB;nasdaq
DGII;nasdaq
DGLY;nasdaq
DGNR;nyse
DGNS;nasdaq
DGX;nyse
DHC;nasdaq
DHCNI;nasdaq
DHCNL;nasdaq
DHF;nyse
DHHCU;nasdaq
DHI;nyse
DHIL;nasdaq
DHR;nyse
DHR^A;nyse
DHR^B;nyse
DHT;nyse
DHX;nyse
DHY;amex
DIAX;nyse
DIN;nyse
DIOD;nasdaq
DIS;nyse
DISCA;nasdaq
DISCB;nasdaq
DISCK;nasdaq
DISH;nasdaq
DIT;amex
DJCO;nasdaq
DK;nyse
DKL;nyse
DKNG;nasdaq
DKS;nyse
DL;nyse
DLA;amex
DLB;nyse
DLCAU;nasdaq
DLHC;nasdaq
DLNG;nyse
DLNG^A;nyse
DLNG^B;nyse
DLPN;nasdaq
DLR;nyse
DLR^C;nyse
DLR^J;nyse
DLR^K;nyse
DLR^L;nyse
DLTH;nasdaq
DLTR;nasdaq
DLX;nyse
DLY;nyse
DM;nyse
DMAC;nasdaq
DMB;nyse
DMF;amex
DMLP;nasdaq
DMO;nyse
DMRC;nasdaq
DMS;nyse
DMTK;nasdaq
DMYD;nyse
DMYI;nyse
DNB;nyse
DNK;nyse
DNLI;nasdaq
DNMR;nyse
DNN;amex
DNOW;nyse
DNP;nyse
DOC;nyse
DOCU;nasdaq
DOGZ;nasdaq
DOMO;nasdaq
DOOO;nasdaq
DOOR;nyse
DORM;nasdaq
DOV;nyse
DOW;nyse
DOX;nasdaq
DOYU;nasdaq
DPG;nyse
DPW;amex
DPZ;nyse
DQ;nyse
DRD;nyse
DRE;nyse
DRH;nyse
DRH^A;nyse
DRI;nyse
DRIO;nasdaq
DRIOW;nasdaq
DRNA;nasdaq
DRQ;nyse
DRRX;nasdaq
DRTT;nasdaq
DRUA;nyse
DRVN;nasdaq
DS;nyse
DSAC;nasdaq
DSACU;nasdaq
DSACW;nasdaq
DSE;nyse
DSGX;nasdaq
DSKE;nasdaq
DSKEW;nasdaq
DSL;nyse
DSM;nyse
DSP;nasdaq
DSPG;nasdaq
DSS;amex
DSSI;nyse
DSU;nyse
DSWL;nasdaq
DSX;nyse
DSX^B;nyse
DS^B;nyse
DS^C;nyse
DS^D;nyse
DT;nyse
DTB;nyse
DTE;nyse
DTEA;nasdaq
DTF;nyse
DTIL;nasdaq
DTJ;nyse
DTLA^;nyse
DTP;nyse
DTSS;nasdaq
DTW;nyse
DTY;nyse
DUC;nyse
DUK;nyse
DUKB;nyse
DUKH;nyse
DUK^A;nyse
DUNE;nasdaq
DUNEU;nasdaq
DUNEW;nasdaq
DUO;nasdaq
DUOT;nasdaq
DVA;nyse
DVAX;nasdaq
DVD;nyse
DVN;nyse
DWIN;nyse
DWSN;nasdaq
DX;nyse
DXC;nyse
DXCM;nasdaq
DXF;amex
DXPE;nasdaq
DXR;amex
DXYN;nasdaq
DX^C;nyse
DY;nyse
DYAI;nasdaq
DYFN;nyse
DYN;nasdaq
DYNT;nasdaq
DZSI;nasdaq
E;nyse
EA;nasdaq
EACPU;nasdaq
EAD;amex
EAF;nyse
EAI;nyse
EAR;nasdaq
EARN;nyse
EARS;nasdaq
EAST;nasdaq
EAT;nyse
EB;nyse
EBAY;nasdaq
EBAYL;nasdaq
EBC;nasdaq
EBF;nyse
EBIX;nasdaq
EBMT;nasdaq
EBON;nasdaq
EBR;nyse
EBS;nyse
EBSB;nasdaq
EBTC;nasdaq
EC;nyse
ECC           ;nyse
ECCB;nyse
ECCX;nyse
ECCY;nyse
ECF;amex
ECF^A;amex
ECHO;nasdaq
ECL;nyse
ECOL;nasdaq
ECOLW;nasdaq
ECOM          ;nyse
ECOR;nasdaq
ECPG;nasdaq
ED;nyse
EDAP;nasdaq
EDD;nyse
EDF;nyse
EDI;nyse
EDIT;nasdaq
EDN;nyse
EDRY;nasdaq
EDSA;nasdaq
EDTK;nasdaq
EDTX;nasdaq
EDTXU;nasdaq
EDTXW;nasdaq
EDU;nyse
EDUC;nasdaq
EEA;nyse
EEFT;nasdaq
EEX;nyse
EFC;nyse
EFC^A;nyse
EFF;nyse
EFL;nyse
EFOI;nasdaq
EFR;nyse
EFSC;nasdaq
EFT;nyse
EFX;nyse
EGAN;nasdaq
EGBN;nasdaq
EGF;nyse
EGHT;nyse
EGLE;nasdaq
EGO;nyse
EGOV;nasdaq
EGP;nyse
EGRX;nasdaq
EGY;nyse
EH;nasdaq
EHC;nyse
EHI;nyse
EHT;nyse
EHTH;nasdaq
EIC;nyse
EIG;nyse
EIGR;nasdaq
EIM;amex
EIX;nyse
EKSO;nasdaq
EL;nyse
ELA;amex
ELAN;nyse
ELAT;nyse
ELC;nyse
ELDN;nasdaq
ELF;nyse
ELLO;amex
ELMD;amex
ELOX;nasdaq
ELP;nyse
ELS;nyse
ELSE;nasdaq
ELTK;nasdaq
ELVT;nyse
ELY;nyse
ELYS;nasdaq
EMAN;amex
EMCF;nasdaq
EMD;nyse
EME;nyse
EMF;nyse
EMKR;nasdaq
EML;nasdaq
EMN;nyse
EMO;nyse
EMP;nyse
EMPW;nyse
EMR;nyse
EMX;amex
ENB;nyse
ENBA;nyse
ENBL;nyse
ENDP;nasdaq
ENFAU;nasdaq
ENG;nasdaq
ENIA;nyse
ENIC;nyse
ENJ;nyse
ENLC;nyse
ENLV;nasdaq
ENNVU;nasdaq
ENO;nyse
ENOB;nasdaq
ENPC;nyse
ENPH;nasdaq
ENR;nyse
ENR^A;nyse
ENS;nyse
ENSG;nasdaq
ENSV;amex
ENTA;nasdaq
ENTG;nasdaq
ENTX;nasdaq
ENTXW;nasdaq
ENV;nyse
ENVA;nyse
ENVB;nasdaq
ENVIU;nasdaq
ENX;amex
ENZ;nyse
EOD;nyse
EOG;nyse
EOI;nyse
EOLS;nasdaq
EOS;nyse
EOSE;nasdaq
EOSEW;nasdaq
EOT;nyse
EPAC;nyse
EPAM;nyse
EPAY;nasdaq
EPC;nyse
EPD;nyse
EPHYU;nasdaq
EPIX;nasdaq
EPM;amex
EPR;nyse
EPRT;nyse
EPR^C;nyse
EPR^E;nyse
EPR^G;nyse
EPSN;nasdaq
EPZM;nasdaq
EP^C;nyse
EQ;nasdaq
EQBK;nasdaq
EQC;nyse
EQC^D;nyse
EQD;nyse
EQH;nyse
EQH^A;nyse
EQH^C;nyse
EQIX;nasdaq
EQNR;nyse
EQOS;nasdaq
EQOSW;nasdaq
EQR;nyse
EQS;nyse
EQT;nyse
EQX;amex
ERC;amex
ERES;nasdaq
ERESU;nasdaq
ERESW;nasdaq
ERF;nyse
ERH;amex
ERIC;nasdaq
ERIE;nasdaq
ERII;nasdaq
ERJ;nyse
ERYP;nasdaq
ES;nyse
ESBK;nasdaq
ESCA;nasdaq
ESE;nyse
ESEA;nasdaq
ESGC;nyse
ESGR;nasdaq
ESGRO;nasdaq
ESGRP;nasdaq
ESI;nyse
ESLT;nasdaq
ESNT;nyse
ESP;amex
ESPR;nasdaq
ESQ;nasdaq
ESRT;nyse
ESS;nyse
ESSA;nasdaq
ESSC;nasdaq
ESSCR;nasdaq
ESSCU;nasdaq
ESSCW;nasdaq
ESTA;nasdaq
ESTC;nyse
ESTE;nyse
ESXB;nasdaq
ET;nyse
ETAC;nasdaq
ETACU;nasdaq
ETACW;nasdaq
ETB;nyse
ETG;nyse
ETH;nyse
ETI^;nyse
ETJ;nyse
ETM;nyse
ETN;nyse
ETNB;nasdaq
ETO;nyse
ETON;nasdaq
ETP^C;nyse
ETP^D;nyse
ETP^E;nyse
ETR;nyse
ETRN;nyse
ETSY;nasdaq
ETTX;nasdaq
ETV;nyse
ETW;nyse
ETWO;nyse
ETX           ;nyse
ETY;nyse
EUCR;nasdaq
EUCRU;nasdaq
EUCRW;nasdaq
EURN;nyse
EUSGU;nasdaq
EV;nyse
EVA;nyse
EVAX;nasdaq
EVBG;nasdaq
EVBN;amex
EVC;nyse
EVER;nasdaq
EVF;nyse
EVFM;nasdaq
EVG;nyse
EVGN;nasdaq
EVH;nyse
EVI;amex
EVK;nasdaq
EVLO;nasdaq
EVM;amex
EVN;nyse
EVOJU;nasdaq
EVOK;nasdaq
EVOL;nasdaq
EVOP;nasdaq
EVR;nyse
EVRG;nyse
EVRI;nyse
EVT;nyse
EVTC;nyse
EVV;amex
EVY;amex
EW;nyse
EWBC;nasdaq
EXAS;nasdaq
EXC;nasdaq
EXD;nyse
EXEL;nasdaq
EXFO;nasdaq
EXG;nyse
EXK;nyse
EXLS;nasdaq
EXN;amex
EXP;nyse
EXPC;nasdaq
EXPCU;nasdaq
EXPCW;nasdaq
EXPD;nasdaq
EXPE;nasdaq
EXPI;nasdaq
EXPO;nasdaq
EXPR;nyse
EXR;nyse
EXTN;nyse
EXTR;nasdaq
EYE;nasdaq
EYEG;nasdaq
EYEN;nasdaq
EYES;nasdaq
EYESW;nasdaq
EYPT;nasdaq
EZGO;nasdaq
EZPW;nasdaq
F;nyse
FAF;nyse
FAII;nyse
FAM;nyse
FAMI;nasdaq
FANG;nasdaq
FANH;nasdaq
FARM;nasdaq
FARO;nasdaq
FAST;nasdaq
FAT;nasdaq
FATBP;nasdaq
FATBW;nasdaq
FATE;nasdaq
FAX;amex
FB;nasdaq
FBC;nyse
FBHS;nyse
FBIO;nasdaq
FBIOP;nasdaq
FBIZ;nasdaq
FBK;nyse
FBMS;nasdaq
FBNC;nasdaq
FBP;nyse
FBRX;nasdaq
FBSS;nasdaq
FC;nyse
FCAC;nasdaq
FCACU;nasdaq
FCACW;nasdaq
FCAP;nasdaq
FCBC;nasdaq
FCBP;nasdaq
FCCO;nasdaq
FCCY;nasdaq
FCEL;nasdaq
FCF;nyse
FCFS;nasdaq
FCN;nyse
FCNCA;nasdaq
FCNCP;nasdaq
FCO;amex
FCPT;nyse
FCRD;nasdaq
FCRZ;nyse
FCT;nyse
FCX;nyse
FDBC;nasdaq
FDEU;nyse
FDMT;nasdaq
FDP;nyse
FDUS;nasdaq
FDUSG;nasdaq
FDUSZ;nasdaq
FDX;nyse
FE;nyse
FEDU;nyse
FEI           ;nyse
FEIM;nasdaq
FELE;nasdaq
FEN;amex
FENC;nasdaq
FENG;nyse
FEO;nyse
FET;nyse
FEYE;nasdaq
FF;nyse
FFA;nyse
FFBC;nasdaq
FFBW;nasdaq
FFC;nyse
FFG;nyse
FFHL;nasdaq
FFIC;nasdaq
FFIN;nasdaq
FFIV;nasdaq
FFNW;nasdaq
FFWM;nasdaq
FGB;nyse
FGBI;nasdaq
FGEN;nasdaq
FGF;nasdaq
FGFPP;nasdaq
FGNA;nyse
FHB;nasdaq
FHI;nyse
FHN;nyse
FHN^A;nyse
FHN^B;nyse
FHN^C;nyse
FHN^D;nyse
FHN^E;nyse
FHTX;nasdaq
FI;nyse
FIBK;nasdaq
FICO;nyse
FIF;nyse
FIII;nasdaq
FIIIU;nasdaq
FIIIW;nasdaq
FINMU;nasdaq
FINS;nyse
FINV;nyse
FIS;nyse
FISI;nasdaq
FISV;nasdaq
FITB;nasdaq
FITBI;nasdaq
FITBO;nasdaq
FITBP;nasdaq
FIV;nyse
FIVE;nasdaq
FIVN;nasdaq
FIX;nyse
FIXX;nasdaq
FIZZ;nasdaq
FL;nyse
FLAC;nasdaq
FLACU;nasdaq
FLACW;nasdaq
FLC;nyse
FLDM;nasdaq
FLEX;nasdaq
FLGT;nasdaq
FLIC;nasdaq
FLIR;nasdaq
FLL;nasdaq
FLMN;nasdaq
FLMNW;nasdaq
FLNG;nyse
FLNT;nasdaq
FLO;nyse
FLOW;nyse
FLR;nyse
FLS;nyse
FLT;nyse
FLUX;nasdaq
FLWS;nasdaq
FLXN;nasdaq
FLXS;nasdaq
FLY;nyse
FMAC;nyse
FMAO;nasdaq
FMBH;nasdaq
FMBI;nasdaq
FMBIO;nasdaq
FMBIP;nasdaq
FMC;nyse
FMN;nyse
FMNB;nasdaq
FMO;nyse
FMS;nyse
FMTX;nasdaq
FMX;nyse
FMY;nyse
FN;nyse
FNB;nyse
FNB^E;nyse
FNCB;nasdaq
FND;nyse
FNF;nyse
FNHC;nasdaq
FNKO;nasdaq
FNLC;nasdaq
FNV;nyse
FNWB;nasdaq
FOCS;nasdaq
FOE;nyse
FOF;nyse
FOLD;nasdaq
FONR;nasdaq
FOR;nyse
FORD;nasdaq
FOREU;nasdaq
FORM;nasdaq
FORR;nasdaq
FORTY;nasdaq
FOSL;nasdaq
FOUR;nyse
FOX;nasdaq
FOXA;nasdaq
FOXF;nasdaq
FOXWU;nasdaq
FPAC;nyse
FPAY;nasdaq
FPF;nyse
FPH;nyse
FPI;nyse
FPI^B;nyse
FPL;nyse
FPRX;nasdaq
FR;nyse
FRA;nyse
FRAF;nasdaq
FRBA;nasdaq
FRBK;nasdaq
FRC;nyse
FRC^G;nyse
FRC^H;nyse
FRC^I;nyse
FRC^J;nyse
FRC^K;nyse
FRC^L;nyse
FRD;amex
FREE;nasdaq
FREEW;nasdaq
FREQ;nasdaq
FRG;nasdaq
FRGAP;nasdaq
FRGI;nasdaq
FRHC;nasdaq
FRLN;nasdaq
FRME;nasdaq
FRO;nyse
FROG;nasdaq
FRPH;nasdaq
FRPT;nasdaq
FRSX;nasdaq
FRT;nyse
FRTA;nasdaq
FRT^C;nyse
FRX;nyse
FSBW;nasdaq
FSD;nyse
FSEA;nasdaq
FSFG;nasdaq
FSI;amex
FSII;nasdaq
FSK;nyse
FSKR;nyse
FSLF;nyse
FSLR;nasdaq
FSLY;nyse
FSM;nyse
FSP;amex
FSR;nyse
FSRV;nasdaq
FSRVU;nasdaq
FSRVW;nasdaq
FSRXU;nasdaq
FSS;nyse
FSSIU;nasdaq
FST;nyse
FSTR;nasdaq
FSTX;nasdaq
FSV;nasdaq
FT;nyse
FTAI;nyse
FTAI^A;nyse
FTAI^B;nyse
FTCH;nyse
FTCV;nasdaq
FTCVU;nasdaq
FTCVW;nasdaq
FTDR;nasdaq
FTEK;nasdaq
FTF;amex
FTFT;nasdaq
FTHM;nasdaq
FTHY;nyse
FTI;nyse
FTIV;nasdaq
FTIVU;nasdaq
FTIVW;nasdaq
FTK;nyse
FTNT;nasdaq
FTOC;nasdaq
FTOCU;nasdaq
FTOCW;nasdaq
FTS;nyse
FTSI;amex
FTV;nyse
FTV^A;nyse
FUBO;nyse
FUL;nyse
FULC;nasdaq
FULT;nasdaq
FULTP;nasdaq
FUN;nyse
FUNC;nasdaq
FUND;nasdaq
FURY;amex
FUSB;nasdaq
FUSE;nyse
FUSN;nasdaq
FUTU;nasdaq
FUV;nasdaq
FVAM;nasdaq
FVCB;nasdaq
FVE;nasdaq
FVRR;nyse
FWAA;nasdaq
FWONA;nasdaq
FWONK;nasdaq
FWP;nasdaq
FWRD;nasdaq
FXNC;nasdaq
F^B;nyse
F^C;nyse
G;nyse
GAB;nyse
GABC;nasdaq
GAB^G;nyse
GAB^H;nyse
GAB^J;nyse
GAB^K;nyse
GAIA;nasdaq
GAIN;nasdaq
GAINL;nasdaq
GAINM;nasdaq
GALT;nasdaq
GAM;nyse
GAM^B;nyse
GAN;nasdaq
GASS;nasdaq
GATO;nyse
GATX;nyse
GAU;amex
GB;nyse
GBAB;nyse
GBCI;nasdaq
GBDC;nasdaq
GBIO;nasdaq
GBL;nyse
GBLI;nasdaq
GBLIL;nasdaq
GBNY;nasdaq
GBOX;nasdaq
GBR;amex
GBS;nasdaq
GBT;nasdaq
GBX;nyse
GCACU;nasdaq
GCBC;nasdaq
GCI;nyse
GCMG;nasdaq
GCMGW;nasdaq
GCO;nyse
GCP;nyse
GCV;nyse
GD;nyse
GDDY;nyse
GDEN;nasdaq
GDL;nyse
GDL^C;nyse
GDO;nyse
GDOT;nyse
GDP;amex
GDRX;nasdaq
GDS;nasdaq
GDV;nyse
GDV^G;nyse
GDV^H;nyse
GDYN;nasdaq
GDYNW;nasdaq
GE;nyse
GECC;nasdaq
GECCL;nasdaq
GECCM;nasdaq
GECCN;nasdaq
GEF;nyse
GEG;nasdaq
GEL;nyse
GEN           ;nyse
GENC;nasdaq
GENE;nasdaq
GEO;nyse
GEOS;nasdaq
GER;nyse
GERN;nasdaq
GES;nyse
GEVO;nasdaq
GF;nyse
GFED;nasdaq
GFF;nyse
GFI;nyse
GFL;nyse
GFLU;nyse
GFN;nasdaq
GFNCP;nasdaq
GFNSZ;nasdaq
GFX;nyse
GGAL;nasdaq
GGB;nyse
GGG;nyse
GGM;nyse
GGN;amex
GGN^B;amex
GGO;amex
GGO^A;amex
GGT;nyse
GGT^E;nyse
GGT^G;nyse
GGZ;nyse
GGZ^A;nyse
GH;nasdaq
GHACU;nasdaq
GHC;nyse
GHG;nyse
GHL;nyse
GHLD;nyse
GHM;nyse
GHSI;nasdaq
GHVI;nasdaq
GHVIU;nasdaq
GHVIW;nasdaq
GHY;nyse
GIB;nyse
GIFI;nasdaq
GIGGU;nasdaq
GIGM;nasdaq
GIII;nasdaq
GIK;nyse
GIL;nyse
GILD;nasdaq
GILT;nasdaq
GIM;nyse
GIS;nyse
GIX;nyse
GJH;nyse
GJO;nyse
GJP;nyse
GJR;nyse
GJS;nyse
GJT;nyse
GKOS;nyse
GL;nyse
GLAD;nasdaq
GLADL;nasdaq
GLAQ;nasdaq
GLAQU;nasdaq
GLAQW;nasdaq
GLBS;nasdaq
GLBZ;nasdaq
GLDD;nasdaq
GLDG;amex
GLEO;nyse
GLG;nasdaq
GLMD;nasdaq
GLNG;nasdaq
GLO;amex
GLOB;nyse
GLOG;nyse
GLOG^A;nyse
GLOP;nyse
GLOP^A;nyse
GLOP^B;nyse
GLOP^C;nyse
GLP;nyse
GLPG;nasdaq
GLPI;nasdaq
GLP^A;nyse
GLQ;amex
GLRE;nasdaq
GLSI;nasdaq
GLT;nyse
GLTO;nasdaq
GLU;amex
GLUU;nasdaq
GLU^A;amex
GLU^B;amex
GLV;amex
GLW;nyse
GLYC;nasdaq
GL^C;nyse
GM;nyse
GMAB;nasdaq
GMBL;nasdaq
GMBLW;nasdaq
GMBTU;nasdaq
GMDA;nasdaq
GME;nyse
GMED;nyse
GMIIU;nasdaq
GMLP;nasdaq
GMLPP;nasdaq
GMRE;nyse
GMRE^A;nyse
GMS;nyse
GMTA;nyse
GMTX;nasdaq
GNACU;nasdaq
GNCA;nasdaq
GNE;nyse
GNE^A;nyse
GNFT;nasdaq
GNK;nyse
GNL;nyse
GNLN;nasdaq
GNL^A;nyse
GNL^B;nyse
GNMK;nasdaq
GNOG;nasdaq
GNOGW;nasdaq
GNPK;nyse
GNPX;nasdaq
GNRC;nyse
GNRS;nasdaq
GNRSU;nasdaq
GNRSW;nasdaq
GNSS;nasdaq
GNT;nyse
GNTX;nasdaq
GNTY;nasdaq
GNT^A;nyse
GNUS;nasdaq
GNW;nyse
GO;nasdaq
GOAC;nyse
GOCO;nasdaq
GOED;amex
GOEV;nasdaq
GOEVW;nasdaq
GOF;nyse
GOGL;nasdaq
GOGO;nasdaq
GOL;nyse
GOLD;nyse
GOLF;nyse
GOOD;nasdaq
GOODM;nasdaq
GOODN;nasdaq
GOOG;nasdaq
GOOGL;nasdaq
GOOS;nyse
GORO;amex
GOSS;nasdaq
GOVX;nasdaq
GOVXW;nasdaq
GP;nasdaq
GPACU;nasdaq
GPC;nyse
GPI;nyse
GPJA;nyse
GPK;nyse
GPL;amex
GPM;nyse
GPMT;nyse
GPN;nyse
GPP;nasdaq
GPRE;nasdaq
GPRK;nyse
GPRO;nasdaq
GPS;nyse
GPX;nyse
GRA;nyse
GRAY;nasdaq
GRBK;nasdaq
GRC;nyse
GRCL;nasdaq
GRCY;nasdaq
GRCYU;nasdaq
GRCYW;nasdaq
GRF;amex
GRFS;nasdaq
GRIL;nasdaq
GRIN;nasdaq
GRMN;nasdaq
GRNQ;nasdaq
GRNV;nasdaq
GRNVR;nasdaq
GRNVU;nasdaq
GRNVW;nasdaq
GROW;nasdaq
GRPN;nasdaq
GRSV;nasdaq
GRSVU;nasdaq
GRSVW;nasdaq
GRTS;nasdaq
GRTX;nasdaq
GRUB;nyse
GRVY;nasdaq
GRWG;nasdaq
GRX;nyse
GS;nyse
GSAH;nyse
GSAQU;nasdaq
GSAT;amex
GSBC;nasdaq
GSBD;nyse
GSHD;nasdaq
GSIT;nasdaq
GSK;nyse
GSKY;nasdaq
GSL;nyse
GSLD;nyse
GSL^B;nyse
GSM;nasdaq
GSMG;nasdaq
GSMGW;nasdaq
GSS;amex
GSUM;nasdaq
GSV;amex
GSX;nyse
GS^A;nyse
GS^C;nyse
GS^D;nyse
GS^J;nyse
GS^K;nyse
GS^N;nyse
GT;nasdaq
GTBP;nasdaq
GTE;amex
GTEC;nasdaq
GTES;nyse
GTH;nasdaq
GTHX;nasdaq
GTIM;nasdaq
GTLS;nyse
GTN;nyse
GTS;nyse
GTT;nyse
GTY;nyse
GTYH;nasdaq
GURE;nasdaq
GUT;nyse
GUT^A;nyse
GUT^C;nyse
GVA;nyse
GVP;nasdaq
GWAC;nasdaq
GWACW;nasdaq
GWB;nyse
GWGH;nasdaq
GWPH;nasdaq
GWRE;nyse
GWRS;nasdaq
GWW;nyse
GXGX;nasdaq
GXGXU;nasdaq
GXGXW;nasdaq
GYRO;nasdaq
H;nyse
HA;nasdaq
HAAC;nasdaq
HAACU;nasdaq
HAACW;nasdaq
HAE;nyse
HAFC;nasdaq
HAIN;nasdaq
HAL;nyse
HALL;nasdaq
HALO;nasdaq
HAPP;nasdaq
HARP;nasdaq
HAS;nasdaq
HASI;nyse
HAYN;nasdaq
HBAN;nasdaq
HBANN;nasdaq
HBANO;nasdaq
HBB;nyse
HBCP;nasdaq
HBI;nyse
HBIO;nasdaq
HBM;nyse
HBMD;nasdaq
HBNC;nasdaq
HBP;nasdaq
HBT;nasdaq
HCA;nyse
HCAP;nasdaq
HCAPZ;nasdaq
HCAQ;nasdaq
HCAR;nasdaq
HCARU;nasdaq
HCARW;nasdaq
HCAT;nasdaq
HCC;nyse
HCCCU;nasdaq
HCCI;nasdaq
HCDI;nasdaq
HCHC;nyse
HCI;nyse
HCICU;nasdaq
HCIIU;nasdaq
HCKT;nasdaq
HCM;nasdaq
HCSG;nasdaq
HCXY;nyse
HCXZ;nyse
HD;nyse
HDB;nyse
HDSN;nasdaq
HE;nyse
HEAR;nasdaq
HEC;nasdaq
HECCU;nasdaq
HECCW;nasdaq
HEES;nasdaq
HEI;nyse
HEI/A;nyse
HELE;nasdaq
HEP;nyse
HEPA;nasdaq
HEQ;nyse
HES;nyse
HESM;nyse
HEXO;nyse
HFBL;nasdaq
HFC;nyse
HFFG;nasdaq
HFRO;nyse
HFRO^A;nyse
HFWA;nasdaq
HGBL;nasdaq
HGEN;nasdaq
HGH;nyse
HGLB;nyse
HGSH;nasdaq
HGV;nyse
HHC;nyse
HHR;nasdaq
HI;nyse
HIBB;nasdaq
HIE;nyse
HIFS;nasdaq
HIG;nyse
HIGA;nyse
HIG^G;nyse
HIHO;nasdaq
HII;nyse
HIL;nyse
HIMS;nyse
HIMX;nasdaq
HIO;nyse
HIW;nyse
HIX;nyse
HJLI;nasdaq
HJLIW;nasdaq
HKIB;nyse
HL;nyse
HLAHU;nasdaq
HLF;nyse
HLG;nasdaq
HLI;nyse
HLIO;nasdaq
HLIT;nasdaq
HLM^;amex
HLNE;nasdaq
HLT;nyse
HLX;nyse
HLXA;nasdaq
HL^B;nyse
HMC;nyse
HMCO;nasdaq
HMCOU;nasdaq
HMCOW;nasdaq
HMG;amex
HMHC;nasdaq
HMI;nyse
HMLP;nyse
HMLP^A;nyse
HMN;nyse
HMNF;nasdaq
HMPT;nasdaq
HMST;nasdaq
HMSY;nasdaq
HMTV;nasdaq
HMY;nyse
HNGR;nyse
HNI;nyse
HNNA;nasdaq
HNP;nyse
HNRG;nasdaq
HNW;amex
HOFT;nasdaq
HOFV;nasdaq
HOFVW;nasdaq
HOG;nyse
HOL;nasdaq
HOLI;nasdaq
HOLUU;nasdaq
HOLUW;nasdaq
HOLX;nasdaq
HOMB;nasdaq
HOME;nyse
HON;nyse
HONE;nasdaq
HOOK;nasdaq
HOPE;nasdaq
HOTH;nasdaq
HOV;nyse
HOVNP;nasdaq
HP;nyse
HPE;nyse
HPF;nyse
HPI;nyse
HPK;nasdaq
HPKEW;nasdaq
HPP;nyse
HPQ;nyse
HPR;nyse
HPS;nyse
HPX;nyse
HQH;nyse
HQI;nasdaq
HQL;nyse
HQY;nasdaq
HR;nyse
HRB;nyse
HRC;nyse
HRI;nyse
HRL;nyse
HRMY;nasdaq
HROW;nasdaq
HRTG;nyse
HRTX;nasdaq
HRZN;nasdaq
HSAQ;nasdaq
HSBC;nyse
HSC;nyse
HSDT;nasdaq
HSIC;nasdaq
HSII;nasdaq
HSKA;nasdaq
HSON;nasdaq
HST;nasdaq
HSTM;nasdaq
HSTO;nasdaq
HSY;nyse
HT;nyse
HTA;nyse
HTBI;nasdaq
HTBK;nasdaq
HTBX;nasdaq
HTD;nyse
HTFA;nyse
HTGC;nyse
HTGM;nasdaq
HTH;nyse
HTHT;nasdaq
HTIA;nasdaq
HTLD;nasdaq
HTLF;nasdaq
HTLFP;nasdaq
HTOO;nasdaq
HTOOW;nasdaq
HTPA;nyse
HTY;nyse
HT^C;nyse
HT^D;nyse
HT^E;nyse
HUBB;nyse
HUBG;nasdaq
HUBS;nyse
HUDI;nasdaq
HUGE;nasdaq
HUIZ;nasdaq
HUM;nyse
HUN;nyse
HURC;nasdaq
HURN;nasdaq
HUSA;amex
HUSN;nasdaq
HUYA;nyse
HVBC;nasdaq
HVT;nyse
HVT/A;nyse
HWBK;nasdaq
HWC;nasdaq
HWCC;nasdaq
HWCPL;nasdaq
HWCPZ;nasdaq
HWKN;nasdaq
HWM;nyse
HWM^;amex
HX;nasdaq
HXL;nyse
HY;nyse
HYB;nyse
HYFM;nasdaq
HYI;nyse
HYLN;nyse
HYMC;nasdaq
HYMCL;nasdaq
HYMCW;nasdaq
HYMCZ;nasdaq
HYRE;nasdaq
HYT;nyse
HZAC;nyse
HZN;nyse
HZNP;nasdaq
HZO;nyse
HZON;nyse
IAA;nyse
IAC;nasdaq
IACA;nyse
IAE;nyse
IAF;amex
IAG;nyse
IART;nasdaq
IBA;nyse
IBCP;nasdaq
IBEX;nasdaq
IBIO;amex
IBKR;nasdaq
IBM;nyse
IBN;nyse
IBOC;nasdaq
IBP;nyse
IBTX;nasdaq
ICAD;nasdaq
ICBK;nasdaq
ICCC;nasdaq
ICCH;nasdaq
ICD;nyse
ICE;nyse
ICFI;nasdaq
ICHR;nasdaq
ICL;nyse
ICLK;nasdaq
ICLR;nasdaq
ICMB;nasdaq
ICON;nasdaq
ICPT;nasdaq
ICUI;nasdaq
ID;amex
IDA;nyse
IDCC;nasdaq
IDE;nyse
IDEX;nasdaq
IDN;nasdaq
IDRA;nasdaq
IDT;nyse
IDXG;nasdaq
IDXX;nasdaq
IDYA;nasdaq
IEA;nasdaq
IEAWW;nasdaq
IEC;nasdaq
IEP;nasdaq
IESC;nasdaq
IEX;nyse
IFF;nyse
IFFT;nyse
IFMK;nasdaq
IFN;nyse
IFRX;nasdaq
IFS;nyse
IGA;nyse
IGAC;nasdaq
IGACU;nasdaq
IGACW;nasdaq
IGC;amex
IGD;nyse
IGI;nyse
IGIC;nasdaq
IGICW;nasdaq
IGMS;nasdaq
IGNYU;nasdaq
IGR;nyse
IGT;nyse
IH;nyse
IHC;nyse
IHD;nyse
IHG;nyse
IHIT;nyse
IHRT;nasdaq
IHT;amex
IHTA;nyse
IIAC;nyse
IID;nyse
IIF;nyse
III;nasdaq
IIII;nasdaq
IIIIU;nasdaq
IIIIW;nasdaq
IIIN;nasdaq
IIIV;nasdaq
IIM;nyse
IIN;nasdaq
IIPR;nyse
IIPR^A;nyse
IIVI;nasdaq
IIVIP;nasdaq
IKNX;nasdaq
IKT;nasdaq
ILMN;nasdaq
ILPT;nasdaq
IMAB;nasdaq
IMAC;nasdaq
IMACW;nasdaq
IMAX;nyse
IMBI;nasdaq
IMCR;nasdaq
IMGN;nasdaq
IMH;amex
IMKTA;nasdaq
IMMP;nasdaq
IMMR;nasdaq
IMNM;nasdaq
IMO;amex
IMOS;nasdaq
IMPX;nyse
IMRA;nasdaq
IMRN;nasdaq
IMRNW;nasdaq
IMTE;nasdaq
IMTX;nasdaq
IMTXW;nasdaq
IMUX;nasdaq
IMV;nasdaq
IMVT;nasdaq
IMXI;nasdaq
INBK;nasdaq
INBKL;nasdaq
INBKZ;nasdaq
INBX;nasdaq
INCY;nasdaq
INDB;nasdaq
INDO;amex
INDT;nasdaq
INFI;nasdaq
INFN;nasdaq
INFO;nyse
INFU;amex
INFY;nyse
ING;nyse
INGN;nasdaq
INGR;nyse
INKAU;nasdaq
INM;nasdaq
INMB;nasdaq
INMD;nasdaq
INN;nyse
INN^D;nyse
INN^E;nyse
INO;nasdaq
INOD;nasdaq
INOV;nasdaq
INPX;nasdaq
INS;amex
INSE;nasdaq
INSG;nasdaq
INSI;nyse
INSM;nasdaq
INSP;nyse
INSW;nyse
INSW^A;nyse
INT;nyse
INTC;nasdaq
INTG;nasdaq
INTT;amex
INTU;nasdaq
INTZ;nasdaq
INUV;amex
INVA;nasdaq
INVE;nasdaq
INVH;nyse
INVO;nasdaq
INZY;nasdaq
IO;nyse
IONS;nasdaq
IOR;amex
IOSP;nasdaq
IOVA;nasdaq
IP;nyse
IPA;nasdaq
IPAR;nasdaq
IPDN;nasdaq
IPG;nyse
IPGP;nasdaq
IPHA;nasdaq
IPHI;nasdaq
IPI;nyse
IPLDP;nasdaq
IPOD;nyse
IPOE;nyse
IPOF;nyse
IPV;nyse
IPWR;nasdaq
IQ;nasdaq
IQI;nyse
IQV;nyse
IR;nyse
IRBT;nasdaq
IRCP;nasdaq
IRDM;nasdaq
IRIX;nasdaq
IRL;nyse
IRM;nyse
IRMD;nasdaq
IROQ;nasdaq
IRR;nyse
IRS;nyse
IRT;nyse
IRTC;nasdaq
IRWD;nasdaq
ISBC;nasdaq
ISD;nyse
ISDR;amex
ISEE;nasdaq
ISIG;nasdaq
ISNS;nasdaq
ISR;amex
ISRG;nasdaq
ISSC;nasdaq
ISTR;nasdaq
ISUN;nasdaq
IT;nyse
ITAC;nasdaq
ITACU;nasdaq
ITACW;nasdaq
ITCB;nyse
ITCI;nasdaq
ITGR;nyse
ITHXU;nasdaq
ITI;nasdaq
ITIC;nasdaq
ITMR;nasdaq
ITOS;nasdaq
ITP;amex
ITQRU;nasdaq
ITRG;amex
ITRI;nasdaq
ITRM;nasdaq
ITRN;nasdaq
ITT;nyse
ITUB;nyse
ITW;nyse
IVA;nasdaq
IVAC;nasdaq
IVC;nyse
IVH;nyse
IVR;nyse
IVR^A;nyse
IVR^B;nyse
IVR^C;nyse
IVZ;nyse
IX;nyse
IZEA;nasdaq
J;nyse
JACK;nasdaq
JAGX;nasdaq
JAKK;nasdaq
JAMF;nasdaq
JAN;nasdaq
JAX;nyse
JAZZ;nasdaq
JBGS;nyse
JBHT;nasdaq
JBK;nyse
JBL;nyse
JBLU;nasdaq
JBSS;nasdaq
JBT;nyse
JCE;nyse
JCI;nyse
JCICU;nasdaq
JCO;nyse
JCOM;nasdaq
JCS;nasdaq
JCTCF;nasdaq
JD;nasdaq
JDD;nyse
JE;nyse
JEF;nyse
JELD;nyse
JEMD;nyse
JEQ;nyse
JFIN;nasdaq
JFR;nyse
JFU;nasdaq
JG;nasdaq
JGH;nyse
JHAA;nyse
JHB;nyse
JHG;nyse
JHI;nyse
JHS;nyse
JHX;nyse
JIH;nyse
JILL;nyse
JJSF;nasdaq
JKHY;nasdaq
JKS;nyse
JLL;nyse
JLS;nyse
JMIA;nyse
JMM;nyse
JMP;nyse
JMPNL;nasdaq
JMPNZ;nasdaq
JNCE;nasdaq
JNJ;nyse
JNPR;nyse
JOB;amex
JOBS;nasdaq
JOE;nyse
JOF;nyse
JOFFU;nasdaq
JOUT;nasdaq
JP;nyse
JPC;nyse
JPI;nyse
JPM;nyse
JPM^C;nyse
JPM^D;nyse
JPM^G;nyse
JPM^H;nyse
JPM^J;nyse
JPS;nyse
JPT;nyse
JQC;nyse
JRI;nyse
JRJC;nasdaq
JRO;nyse
JRS;nyse
JRSH;nasdaq
JRVR;nasdaq
JSD;nyse
JSM;nasdaq
JT;nyse
JTA;nyse
JTD;nyse
JUPW;nasdaq
JUPWW;nasdaq
JVA;nasdaq
JW/A;nyse
JW/B;nyse
JWN;nyse
JWS;nyse
JYAC;nasdaq
JYNT;nasdaq
K;nyse
KAI;nyse
KAIIU;nasdaq
KAIRU;nasdaq
KALA;nasdaq
KALU;nasdaq
KALV;nasdaq
KAMN;nyse
KAR;nyse
KB;nyse
KBAL;nasdaq
KBH;nyse
KBNT;nasdaq
KBNTW;nasdaq
KBR;nyse
KBSF;nasdaq
KC;nasdaq
KCAPL;nasdaq
KDMN;nasdaq
KDNY;nasdaq
KDP;nasdaq
KE;nasdaq
KELYA;nasdaq
KELYB;nasdaq
KEN;nyse
KEP;nyse
KEQU;nasdaq
KERN;nasdaq
KERNW;nasdaq
KEX;nyse
KEY;nyse
KEYS;nyse
KEY^I;nyse
KEY^J;nyse
KEY^K;nyse
KF;nyse
KFFB;nasdaq
KFRC;nasdaq
KFS;nyse
KFY;nyse
KGC;nyse
KHC;nasdaq
KIDS;nasdaq
KIIIU;nasdaq
KIM;nyse
KIM^L;nyse
KIM^M;nyse
KIN;nasdaq
KINS;nasdaq
KINZ;nasdaq
KINZU;nasdaq
KINZW;nasdaq
KIO;nyse
KIQ;amex
KIRK;nasdaq
KKR;nyse
KKR^A;nyse
KKR^B;nyse
KKR^C;nyse
KL;nyse
KLAC;nasdaq
KLAQU;nasdaq
KLDO;nasdaq
KLIC;nasdaq
KLR;amex
KLXE;nasdaq
KMB;nyse
KMDA;nasdaq
KMF;nyse
KMI;nyse
KMPH;nasdaq
KMPR;nyse
KMT;nyse
KMX;nyse
KN;nyse
KNDI;nasdaq
KNL;nyse
KNOP;nyse
KNSA;nasdaq
KNSL;nasdaq
KNTE;nasdaq
KNX;nyse
KO;nyse
KOD;nasdaq
KODK;nyse
KOF;nyse
KOP;nyse
KOPN;nasdaq
KOR;nasdaq
KOS;nyse
KOSS;nasdaq
KPTI;nasdaq
KR;nyse
KRA;nyse
KRBP;nasdaq
KRC;nyse
KREF;nyse
KRG;nyse
KRKR;nasdaq
KRMD;nasdaq
KRNLU;nasdaq
KRNT;nasdaq
KRNY;nasdaq
KRO;nyse
KRON;nasdaq
KROS;nasdaq
KRP;nyse
KRTX;nasdaq
KRUS;nasdaq
KRYS;nasdaq
KSM;nyse
KSMT;nasdaq
KSMTU;nasdaq
KSMTW;nasdaq
KSPN;nasdaq
KSS;nyse
KSU;nyse
KSU^;nyse
KT;nyse
KTB;nyse
KTCC;nasdaq
KTF;nyse
KTH;nyse
KTN;nyse
KTOS;nasdaq
KTRA;nasdaq
KUKE;nyse
KURA;nasdaq
KVHI;nasdaq
KW;nyse
KWAC;nyse
KWR;nyse
KXIN;nasdaq
KYMR;nasdaq
KYN;nyse
KZIA;nasdaq
KZR;nasdaq
L;nyse
LABP;nasdaq
LAC;nyse
LACQ;nasdaq
LACQU;nasdaq
LACQW;nasdaq
LAD;nyse
LADR;nyse
LAIX;nyse
LAKE;nasdaq
LAMR;nasdaq
LANC;nasdaq
LAND;nasdaq
LANDM;nasdaq
LANDO;nasdaq
LARK;nasdaq
LASR;nasdaq
LATN;nasdaq
LATNU;nasdaq
LATNW;nasdaq
LAUR;nasdaq
LAWS;nasdaq
LAZ;nyse
LAZR;nasdaq
LAZRW;nasdaq
LAZY;nasdaq
LB;nyse
LBAI;nasdaq
LBC;nasdaq
LBRDA;nasdaq
LBRDK;nasdaq
LBRDP;nasdaq
LBRT;nyse
LBTYA;nasdaq
LBTYB;nasdaq
LBTYK;nasdaq
LC;nyse
LCAP;nasdaq
LCAPU;nasdaq
LCAPW;nasdaq
LCI;nyse
LCII;nyse
LCNB;nasdaq
LCTX;amex
LCUT;nasdaq
LCY;nasdaq
LCYAU;nasdaq
LCYAW;nasdaq
LDI;nyse
LDL;nyse
LDOS;nyse
LDP;nyse
LE;nasdaq
LEA;nyse
LEAF;nyse
LEAP;nyse
LECO;nasdaq
LEDS;nasdaq
LEE;nyse
LEG;nyse
LEGH;nasdaq
LEGN;nasdaq
LEGOU;nasdaq
LEJU;nyse
LEN;nyse
LEO;nyse
LESL;nasdaq
LEU;amex
LEVI;nyse
LEVL;nasdaq
LEVLP;nasdaq
LEXX;nasdaq
LEXXW;nasdaq
LFC;nyse
LFT;nyse
LFTR;nasdaq
LFTRU;nasdaq
LFTRW;nasdaq
LFUS;nasdaq
LFVN;nasdaq
LGACU;nasdaq
LGHL;nasdaq
LGHLW;nasdaq
LGI;nyse
LGIH;nasdaq
LGL;amex
LGND;nasdaq
LGVN;nasdaq
LH;nyse
LHCG;nasdaq
LHDX;nasdaq
LHX;nyse
LI;nasdaq
LIFE;nasdaq
LII;nyse
LILA;nasdaq
LILAK;nasdaq
LIN;nyse
LINC;nasdaq
LIND;nasdaq
LINX;nyse
LIQT;nasdaq
LITB;nyse
LITE;nasdaq
LIVE;nasdaq
LIVK;nasdaq
LIVKU;nasdaq
LIVKW;nasdaq
LIVN;nasdaq
LIVX;nasdaq
LIXT;nasdaq
LIXTW;nasdaq
LIZI;nasdaq
LJAQU;nasdaq
LJPC;nasdaq
LKCO;nasdaq
LKFN;nasdaq
LKQ;nasdaq
LL;nyse
LLIT;nasdaq
LLNW;nasdaq
LLY;nyse
LMACU;nasdaq
LMAOU;nasdaq
LMAT;nasdaq
LMB;nasdaq
LMFA;nasdaq
LMND;nyse
LMNL;nasdaq
LMNR;nasdaq
LMNX;nasdaq
LMPX;nasdaq
LMRK;nasdaq
LMRKN;nasdaq
LMRKO;nasdaq
LMRKP;nasdaq
LMST;nasdaq
LMT;nyse
LNC;nyse
LND;nyse
LNDC;nasdaq
LNFA;nyse
LNG;amex
LNN;nyse
LNSR;nasdaq
LNT;nasdaq
LNTH;nasdaq
LOAC;nasdaq
LOACR;nasdaq
LOACW;nasdaq
LOAN;nasdaq
LOB;nasdaq
LOCO;nasdaq
LODE;amex
LOGC;nasdaq
LOGI;nasdaq
LOKB;nyse
LOMA;nyse
LOOP;nasdaq
LOPE;nasdaq
LORL;nasdaq
LOTZ;nasdaq
LOTZW;nasdaq
LOV;amex
LOVE;nasdaq
LOW;nyse
LPCN;nasdaq
LPG;nyse
LPI;nyse
LPL;nyse
LPLA;nasdaq
LPRO;nasdaq
LPSN;nasdaq
LPTH;nasdaq
LPTX;nasdaq
LPX;nyse
LQDA;nasdaq
LQDT;nasdaq
LRCX;nasdaq
LRMR;nasdaq
LRN;nyse
LSAQ;nasdaq
LSBK;nasdaq
LSCC;nasdaq
LSEA;nasdaq
LSEAW;nasdaq
LSF;amex
LSI;nyse
LSPD;nyse
LSTR;nasdaq
LSXMA;nasdaq
LSXMB;nasdaq
LSXMK;nasdaq
LTBR;nasdaq
LTC;nyse
LTHM;nyse
LTRN;nasdaq
LTRPA;nasdaq
LTRPB;nasdaq
LTRX;nasdaq
LU;nyse
LUB;nyse
LULU;nasdaq
LUMN;nyse
LUMO;nasdaq
LUNA;nasdaq
LUNG;nasdaq
LUV;nyse
LUXA;nasdaq
LUXAU;nasdaq
LUXAW;nasdaq
LVS;nyse
LW;nyse
LWACU;nasdaq
LWAY;nasdaq
LX;nasdaq
LXEH;nasdaq
LXFR;amex
LXP;nyse
LXP^C;nyse
LXRX;nasdaq
LXU;nyse
LYB;nyse
LYFT;nasdaq
LYG;nyse
LYL;nasdaq
LYRA;nasdaq
LYTS;nasdaq
LYV;nyse
LZB;nyse
M;nyse
MA;nyse
MAA;nyse
MAAC;nasdaq
MAACU;nasdaq
MAACW;nasdaq
MAA^I;nyse
MAC;nyse
MACAU;nasdaq
MACK;nasdaq
MACU;nasdaq
MACUU;nasdaq
MACUW;nasdaq
MAG;amex
MAGS;nasdaq
MAIN;nyse
MAN;nyse
MANH;nasdaq
MANT;nasdaq
MANU;nyse
MAR;nasdaq
MARA;nasdaq
MARK;nasdaq
MARPS;nasdaq
MAS;nyse
MASI;nasdaq
MASS;nasdaq
MAT;nasdaq
MATW;nasdaq
MATX;nyse
MAV;nyse
MAX;nyse
MAXN;nasdaq
MAXR;nyse
MAYS;nasdaq
MBCN;nasdaq
MBI;nyse
MBII;nasdaq
MBIN;nasdaq
MBINO;nasdaq
MBINP;nasdaq
MBIO;nasdaq
MBNKP;nasdaq
MBOT;nasdaq
MBRX;nasdaq
MBT;nyse
MBUU;nasdaq
MBWM;nasdaq
MC;nyse
MCA;nyse
MCADU;nasdaq
MCB;nyse
MCBC;nasdaq
MCBS;nasdaq
MCD;nyse
MCF;amex
MCFE;nasdaq
MCFT;nasdaq
MCHP;nasdaq
MCHX;nasdaq
MCI;nyse
MCK;nyse
MCMJ;nasdaq
MCMJW;nasdaq
MCN;nyse
MCO;nyse
MCR;nyse
MCRB;nasdaq
MCRI;nasdaq
MCS;nyse
MCY;nyse
MD;nyse
MDB;nasdaq
MDC;nyse
MDCA;nasdaq
MDGL;nasdaq
MDGS;nasdaq
MDGSW;nasdaq
MDIA;nasdaq
MDJH;nasdaq
MDLA;nyse
MDLQ;nyse
MDLX;nyse
MDLY;nyse
MDLZ;nasdaq
MDNA;nasdaq
MDP;nyse
MDRR;nasdaq
MDRRP;nasdaq
MDRX;nasdaq
MDT;nyse
MDU;nyse
MDVL;nasdaq
MDWD;nasdaq
MDWT;nasdaq
MDXG;nasdaq
MEC;nyse
MED;nyse
MEDP;nasdaq
MEDS;nasdaq
MEG;nyse
MEI;nyse
MEIP;nasdaq
MELI;nasdaq
MEN;nyse
MEOH;nasdaq
MERC;nasdaq
MER^K;nyse
MESA;nasdaq
MESO;nasdaq
MET;nyse
METC;nasdaq
METX;nasdaq
METXW;nasdaq
MET^A;nyse
MET^E;nyse
MET^F;nyse
MFA;nyse
MFA^B;nyse
MFA^C;nyse
MFC;nyse
MFD;nyse
MFG;nyse
MFGP;nyse
MFH;nasdaq
MFIN;nasdaq
MFINL;nasdaq
MFL;nyse
MFM;nyse
MFNC;nasdaq
MFT;nyse
MFV;nyse
MG;nyse
MGA;nyse
MGEE;nasdaq
MGF;nyse
MGI;nasdaq
MGIC;nasdaq
MGLN;nasdaq
MGM;nyse
MGNI;nasdaq
MGNX;nasdaq
MGP;nyse
MGPI;nasdaq
MGR;nyse
MGRB;nyse
MGRC;nasdaq
MGTA;nasdaq
MGTX;nasdaq
MGU;nyse
MGY;nyse
MGYR;nasdaq
MHD;nyse
MHE;nyse
MHF;nyse
MHH;amex
MHI;nyse
MHK;nyse
MHLA;nyse
MHLD;nasdaq
MHN;nyse
MHNC;nyse
MHO;nyse
MH^A;nyse
MH^C;nyse
MH^D;nyse
MIC;nyse
MICT;nasdaq
MIDD;nasdaq
MIE;nyse
MIK;nasdaq
MILE;nasdaq
MILEW;nasdaq
MIME;nasdaq
MIN;nyse
MIND;nasdaq
MINDP;nasdaq
MIRM;nasdaq
MIST;nasdaq
MITK;nasdaq
MITO;nasdaq
MITT;nyse
MITT^A;nyse
MITT^B;nyse
MITT^C;nyse
MIXT;nyse
MIY;nyse
MKC;nyse
MKD;nasdaq
MKGI;nasdaq
MKL;nyse
MKSI;nasdaq
MKTX;nasdaq
MLAB;nasdaq
MLAC;nasdaq
MLACU;nasdaq
MLACW;nasdaq
MLCO;nasdaq
MLHR;nasdaq
MLI;nyse
MLM;nyse
MLND;nasdaq
MLP;nyse
MLR;nyse
MLSS;amex
MLVF;nasdaq
MMAC;nasdaq
MMC;nyse
MMD;nyse
MMI;nyse
MMLP;nasdaq
MMM;nyse
MMP;nyse
MMS;nyse
MMSI;nasdaq
MMT;nyse
MMU;nyse
MMX;amex
MMYT;nasdaq
MN;nyse
MNDO;nasdaq
MNKD;nasdaq
MNOV;nasdaq
MNP;nyse
MNPR;nasdaq
MNR;nyse
MNRL;nyse
MNRO;nasdaq
MNR^C;nyse
MNSB;nasdaq
MNSBP;nasdaq
MNSO;nyse
MNST;nasdaq
MNTK;nasdaq
MNTX;nasdaq
MO;nyse
MOD;nyse
MODN;nyse
MODV;nasdaq
MOFG;nasdaq
MOGO;nasdaq
MOGU;nyse
MOH;nyse
MOHO;nasdaq
MOMO;nasdaq
MONCU;nasdaq
MOR;nasdaq
MORF;nasdaq
MORN;nasdaq
MOS;nyse
MOSY;nasdaq
MOTN;nasdaq
MOTNU;nasdaq
MOTNW;nasdaq
MOTS;nasdaq
MOTV;nyse
MOV;nyse
MOXC;nasdaq
MP;nyse
MPA;nyse
MPAA;nasdaq
MPB;nasdaq
MPC;nyse
MPLN;nyse
MPLX;nyse
MPV;nyse
MPW;nyse
MPWR;nasdaq
MPX;nyse
MQT;nyse
MQY;nyse
MRAC;nasdaq
MRACU;nasdaq
MRACW;nasdaq
MRAM;nasdaq
MRBK;nasdaq
MRC;nyse
MRCC;nasdaq
MRCY;nasdaq
MREO;nasdaq
MRIN;nasdaq
MRK;nyse
MRKR;nasdaq
MRLN;nasdaq
MRM;nasdaq
MRNA;nasdaq
MRNS;nasdaq
MRO;nyse
MRSN;nasdaq
MRTN;nasdaq
MRTX;nasdaq
MRUS;nasdaq
MRVI;nasdaq
MRVL;nasdaq
MS;nyse
MSA;nyse
MSACU;nasdaq
MSB;nyse
MSBI;nasdaq
MSC;nyse
MSCI;nyse
MSD;nyse
MSEX;nasdaq
MSFT;nasdaq
MSGE;nyse
MSGM;nasdaq
MSGN;nyse
MSGS;nyse
MSI;nyse
MSM;nyse
MSN;amex
MSON;nasdaq
MSP;nyse
MSTR;nasdaq
MSVB;nasdaq
MS^A;nyse
MS^E;nyse
MS^F;nyse
MS^I;nyse
MS^K;nyse
MS^L;nyse
MT;nyse
MTA;amex
MTAC;nasdaq
MTACU;nasdaq
MTACW;nasdaq
MTB;nyse
MTBC;nasdaq
MTBCP;nasdaq
MTC;nasdaq
MTCH;nasdaq
MTCN;nyse
MTCR;nasdaq
MTD;nyse
MTDR;nyse
MTEM;nasdaq
MTEX;nasdaq
MTG;nyse
MTH;nyse
MTL;nyse
MTLS;nasdaq
MTL^;nyse
MTN;nyse
MTNB;amex
MTOR;nyse
MTP;nasdaq
MTR;nyse
MTRN;nyse
MTRX;nasdaq
MTSC;nasdaq
MTSI;nasdaq
MTSL;nasdaq
MTT;nyse
MTW;nyse
MTX;nyse
MTZ;nyse
MU;nasdaq
MUA;nyse
MUC;nyse
MUDS;nasdaq
MUDSU;nasdaq
MUDSW;nasdaq
MUE;nyse
MUFG;nyse
MUH;nyse
MUI;nyse
MUJ;nyse
MUR;nyse
MUS;nyse
MUSA;nyse
MUX;nyse
MVBF;nasdaq
MVF;nyse
MVIS;nasdaq
MVO;nyse
MVT;nyse
MWA;nyse
MWK;nasdaq
MX;nyse
MXC;amex
MXE;nyse
MXF;nyse
MXIM;nasdaq
MXL;nyse
MYC;nyse
MYD;nyse
MYE;nyse
MYF;nyse
MYFW;nasdaq
MYGN;nasdaq
MYI;nyse
MYJ;nyse
MYN;nyse
MYO;amex
MYOV;nyse
MYRG;nasdaq
MYSZ;nasdaq
MYT;nasdaq
MYTE;nyse
MZA;nyse
NAACU;nasdaq
NAC;nyse
NAD;nyse
NAII;nasdaq
NAK;amex
NAKD;nasdaq
NAN;nyse
NAOV;nasdaq
NARI;nasdaq
NAT;nyse
NATH;nasdaq
NATI;nasdaq
NATR;nasdaq
NAV;nyse
NAVB;amex
NAVI;nasdaq
NAV^D;nyse
NAZ;nyse
NBA;amex
NBAC;nasdaq
NBACR;nasdaq
NBACU;nasdaq
NBACW;nasdaq
NBB;nyse
NBEV;nasdaq
NBH;amex
NBHC;nyse
NBIX;nasdaq
NBLX;nasdaq
NBN;nasdaq
NBO;amex
NBR;nyse
NBRV;nasdaq
NBR^A;nyse
NBSE;nasdaq
NBTB;nasdaq
NBTX;nasdaq
NBW;amex
NBY;amex
NC;nyse
NCA;nyse
NCB;nyse
NCBS;nasdaq
NCLH;nyse
NCMI;nasdaq
NCNA;nasdaq
NCNO;nasdaq
NCR;nyse
NCSM;nasdaq
NCTY;nasdaq
NCV;nyse
NCV^A;nyse
NCZ;nyse
NCZ^A;nyse
NDAQ;nasdaq
NDLS;nasdaq
NDMO;nyse
NDP;nyse
NDRA;nasdaq
NDRAW;nasdaq
NDSN;nasdaq
NEA;nyse
NEBC;nasdaq
NEBCU;nasdaq
NEBCW;nasdaq
NEE;nyse
NEE^K;nyse
NEE^N;nyse
NEE^O;nyse
NEE^P;nyse
NEE^Q;nyse
NEM;nyse
NEN;amex
NEO;nasdaq
NEOG;nasdaq
NEON;nasdaq
NEOS;nasdaq
NEP;nyse
NEPH;nasdaq
NEPT;nasdaq
NERV;nasdaq
NES;amex
NESR;nasdaq
NESRW;nasdaq
NET;nyse
NETE;nasdaq
NETI;nyse
NEU;nyse
NEV;nyse
NEW;nyse
NEWA;nasdaq
NEWR;nyse
NEWT;nasdaq
NEWTI;nasdaq
NEWTL;nasdaq
NEWTZ;nasdaq
NEX;nyse
NEXA;nyse
NEXI;nasdaq
NEXT;nasdaq
NFBK;nasdaq
NFE;nasdaq
NFG;nyse
NFH;nyse
NFJ;nyse
NFLX;nasdaq
NG;amex
NGA;nyse
NGAC;nasdaq
NGACU;nasdaq
NGACW;nasdaq
NGD;amex
NGG;nyse
NGL;nyse
NGL^B;nyse
NGL^C;nyse
NGM;nasdaq
NGMS;nasdaq
NGS;nyse
NGVC;nyse
NGVT;nyse
NH;nasdaq
NHA;nyse
NHC;amex
NHF;nyse
NHF^A;nyse
NHI;nyse
NHIC;nasdaq
NHICU;nasdaq
NHICW;nasdaq
NHLD;nasdaq
NHLDW;nasdaq
NHS;amex
NHTC;nasdaq
NI;nyse
NICE;nasdaq
NICK;nasdaq
NID;nyse
NIE;nyse
NIM;nyse
NINE;nyse
NIO;nyse
NIQ;nyse
NISN;nasdaq
NIU;nasdaq
NI^B;nyse
NJR;nyse
NJV;nyse
NK;nasdaq
NKE;nyse
NKG;nyse
NKLA;nasdaq
NKSH;nasdaq
NKTR;nasdaq
NKTX;nasdaq
NKX;nyse
NL;nyse
NLOK;nasdaq
NLS;nyse
NLSN;nyse
NLSP;nasdaq
NLSPW;nasdaq
NLTX;nasdaq
NLY;nyse
NLY^F;nyse
NLY^G;nyse
NLY^I;nyse
NM;nyse
NMCI;nasdaq
NMCO;nyse
NMFC;nasdaq
NMFCL;nasdaq
NMI;nyse
NMIH;nasdaq
NMK^B;nyse
NMK^C;nyse
NML;amex
NMM;nyse
NMMC;nasdaq
NMMCU;nasdaq
NMMCW;nasdaq
NMR;nyse
NMRD;nasdaq
NMRK;nasdaq
NMS;nyse
NMT;nyse
NMTR;nasdaq
NMY;nyse
NMZ;nyse
NM^G;nyse
NM^H;nyse
NNA;nyse
NNBR;nasdaq
NNDM;nasdaq
NNI;nyse
NNN;nyse
NNN^F;nyse
NNOX;nasdaq
NNVC;amex
NNY;nyse
NOA;nyse
NOAC;nasdaq
NOACU;nasdaq
NOACW;nasdaq
NOAH;nyse
NOC;nyse
NODK;nasdaq
NOG;amex
NOK;nyse
NOM;nyse
NOMD;nyse
NOV;nyse
NOVA;nyse
NOVN;nasdaq
NOVT;nasdaq
NOW;nyse
NP;nyse
NPA;nasdaq
NPAUU;nasdaq
NPAWW;nasdaq
NPK;nyse
NPN;nyse
NPO;nyse
NPTN;nyse
NPV;nyse
NQP;nyse
NR;nyse
NRACU;nasdaq
NRBO;nasdaq
NRC;nasdaq
NREF;nyse
NREF^A;nyse
NRG;nyse
NRGX;nyse
NRIM;nasdaq
NRIX;nasdaq
NRK;nyse
NRO;amex
NRP;nyse
NRT;nyse
NRUC;nyse
NRZ;nyse
NRZ^A;nyse
NRZ^B;nyse
NRZ^C;nyse
NS;nyse
NSA;nyse
NSA^A;nyse
NSC;nyse
NSCO;nyse
NSEC;nasdaq
NSH;nyse
NSIT;nasdaq
NSL;nyse
NSP;nyse
NSPR;amex
NSS;nyse
NSSC;nasdaq
NSTB;nyse
NSTG;nasdaq
NSYS;nasdaq
NS^A;nyse
NS^B;nyse
NS^C;nyse
NTAP;nasdaq
NTB;nyse
NTCO;nyse
NTCT;nasdaq
NTEC;nasdaq
NTES;nasdaq
NTG;nyse
NTGR;nasdaq
NTIC;nasdaq
NTIP;amex
NTLA;nasdaq
NTN;amex
NTNX;nasdaq
NTP;nyse
NTR;nyse
NTRA;nasdaq
NTRS;nasdaq
NTRSO;nasdaq
NTST;nyse
NTUS;nasdaq
NTWK;nasdaq
NTZ;nyse
NUAN;nasdaq
NUE;nyse
NUO;nyse
NURO;nasdaq
NUS;nyse
NUV;nyse
NUVA;nasdaq
NUVB;nyse
NUW;nyse
NUZE;nasdaq
NVAX;nasdaq
NVCN;nasdaq
NVCR;nasdaq
NVDA;nasdaq
NVEC;nasdaq
NVEE;nasdaq
NVFY;nasdaq
NVG;nyse
NVGS;nyse
NVIV;nasdaq
NVMI;nasdaq
NVO;nyse
NVR;nyse
NVRO;nyse
NVS;nyse
NVSAU;nasdaq
NVST;nyse
NVT;nyse
NVTA;nyse
NWBI;nasdaq
NWE;nasdaq
NWFL;nasdaq
NWG;nyse
NWHM;nyse
NWL;nasdaq
NWLI;nasdaq
NWN;nyse
NWPX;nasdaq
NWS;nasdaq
NWSA;nasdaq
NX;nyse
NXC;nyse
NXE;amex
NXGN;nasdaq
NXJ;nyse
NXN;nyse
NXP;nyse
NXPI;nasdaq
NXQ;nyse
NXR;nyse
NXRT;nyse
NXST;nasdaq
NXTC;nasdaq
NXTD;nasdaq
NYC;nyse
NYCB;nyse
NYCB^A;nyse
NYCB^U;nyse
NYMT;nasdaq
NYMTM;nasdaq
NYMTN;nasdaq
NYMTO;nasdaq
NYMTP;nasdaq
NYMX;nasdaq
NYT;nyse
NYV;nyse
NZF;nyse
O;nyse
OACB;nyse
OAK^A;nyse
OAK^B;nyse
OAS;nasdaq
OBAS;nasdaq
OBCI;nasdaq
OBLG;nasdaq
OBLN;nasdaq
OBNK;nasdaq
OBSV;nasdaq
OC;nyse
OCA;nyse
OCAXU;nasdaq
OCC;nasdaq
OCCI;nasdaq
OCCIP;nasdaq
OCDX;nasdaq
OCFC;nasdaq
OCFCP;nasdaq
OCFT;nyse
OCG;nasdaq
OCGN;nasdaq
OCN;nyse
OCSI;nasdaq
OCSL;nasdaq
OCUL;nasdaq
OCUP;nasdaq
OCX;amex
ODC;nyse
ODFL;nasdaq
ODP;nasdaq
ODT;nasdaq
OEC;nyse
OEG;nasdaq
OEPWU;nasdaq
OESX;nasdaq
OFC;nyse
OFED;nasdaq
OFG;nyse
OFG^A;nyse
OFG^B;nyse
OFG^D;nyse
OFIX;nasdaq
OFLX;nasdaq
OFS;nasdaq
OFSSG;nasdaq
OFSSI;nasdaq
OFSSL;nasdaq
OFSSZ;nasdaq
OGE;nyse
OGEN;amex
OGI;nasdaq
OGS;nyse
OHI;nyse
OI;nyse
OIA;nyse
OII;nyse
OIIM;nasdaq
OIS;nyse
OKE;nyse
OKTA;nasdaq
OLB;nasdaq
OLED;nasdaq
OLLI;nasdaq
OLMA;nasdaq
OLN;nyse
OLP;nyse
OM;nasdaq
OMAB;nasdaq
OMC;nyse
OMCL;nasdaq
OMEG;nasdaq
OMER;nasdaq
OMEX;nasdaq
OMF;nyse
OMI;nyse
OMP;nasdaq
ON;nasdaq
ONB;nasdaq
ONCR;nasdaq
ONCS;nasdaq
ONCT;nasdaq
ONCY;nasdaq
ONDS;nasdaq
ONE;nyse
ONEM;nasdaq
ONEW;nasdaq
ONTF;nyse
ONTO;nyse
ONTX;nasdaq
ONTXW;nasdaq
ONVO;nasdaq
OOMA;nyse
OPBK;nasdaq
OPCH;nasdaq
OPEN;nasdaq
OPENW;nasdaq
OPGN;nasdaq
OPHC;nasdaq
OPI;nasdaq
OPINI;nasdaq
OPINL;nasdaq
OPK;nasdaq
OPNT;nasdaq
OPOF;nasdaq
OPP;nyse
OPP^A;nyse
OPRA;nasdaq
OPRT;nasdaq
OPRX;nasdaq
OPT;nasdaq
OPTN;nasdaq
OPTT;nasdaq
OPY;nyse
OR;nyse
ORA;nyse
ORAN;nyse
ORBC;nasdaq
ORC;nyse
ORCC;nyse
ORCL;nyse
ORGO;nasdaq
ORGS;nasdaq
ORI;nyse
ORIC;nasdaq
ORLA;amex
ORLY;nasdaq
ORMP;nasdaq
ORN;nyse
ORPH;nasdaq
ORRF;nasdaq
ORTX;nasdaq
OSBC;nasdaq
OSG;nyse
OSH;nyse
OSIS;nasdaq
OSK;nyse
OSMT;nasdaq
OSN;nasdaq
OSPN;nasdaq
OSS;nasdaq
OSTK;nasdaq
OSTRU;nasdaq
OSUR;nasdaq
OSW;nasdaq
OTEL;nasdaq
OTEX;nasdaq
OTIC;nasdaq
OTIS;nyse
OTLK;nasdaq
OTLKW;nasdaq
OTRA;nasdaq
OTRAU;nasdaq
OTRAW;nasdaq
OTRK;nasdaq
OTRKP;nasdaq
OTTR;nasdaq
OUT;nyse
OVBC;nasdaq
OVID;nasdaq
OVLY;nasdaq
OVV;nyse
OXBR;nasdaq
OXBRW;nasdaq
OXFD;nasdaq
OXLC;nasdaq
OXLCM;nasdaq
OXLCO;nasdaq
OXLCP;nasdaq
OXM;nyse
OXSQ;nasdaq
OXSQL;nasdaq
OXSQZ;nasdaq
OXY;nyse
OYST;nasdaq
OZK;nasdaq
OZON;nasdaq
PAA;nasdaq
PAAS;nasdaq
PAC;nyse
PACB;nasdaq
PACE;nyse
PACK;nyse
PACW;nasdaq
PACXU;nasdaq
PAE;nasdaq
PAEWW;nasdaq
PAG;nyse
PAGP;nasdaq
PAGS;nyse
PAHC;nasdaq
PAI;nyse
PAIC;nasdaq
PAICU;nasdaq
PAICW;nasdaq
PAM;nyse
PAND;nasdaq
PANL;nasdaq
PANW;nyse
PAQCU;nasdaq
PAR;nyse
PARR;nyse
PASG;nasdaq
PATI;nasdaq
PATK;nasdaq
PAVM;nasdaq
PAVMW;nasdaq
PAVMZ;nasdaq
PAX;nasdaq
PAYA;nasdaq
PAYAW;nasdaq
PAYC;nyse
PAYS;nasdaq
PAYX;nasdaq
PB;nyse
PBA;nyse
PBC;nyse
PBCT;nasdaq
PBCTP;nasdaq
PBF;nyse
PBFS;nasdaq
PBFX;nyse
PBH;nyse
PBHC;nasdaq
PBI;nyse
PBIP;nasdaq
PBI^B;nyse
PBLA;nasdaq
PBPB;nasdaq
PBR;nyse
PBT;nyse
PBTS;nasdaq
PBY;nyse
PBYI;nasdaq
PCAR;nasdaq
PCB;nasdaq
PCF;nyse
PCG;nyse
PCGU;nyse
PCG^A;amex
PCG^B;amex
PCG^C;amex
PCG^D;amex
PCG^G;amex
PCH;nasdaq
PCI;nyse
PCK;nyse
PCM;nyse
PCN;nyse
PCOM;nasdaq
PCPC;nyse
PCQ;nyse
PCRX;nasdaq
PCSA;nasdaq
PCSB;nasdaq
PCTI;nasdaq
PCTY;nasdaq
PCVX;nasdaq
PCYG;nasdaq
PCYO;nasdaq
PD;nyse
PDAC;nyse
PDCE;nasdaq
PDCO;nasdaq
PDD;nasdaq
PDEX;nasdaq
PDFS;nasdaq
PDI;nyse
PDLB;nasdaq
PDM;nyse
PDO;nyse
PDS;nyse
PDSB;nasdaq
PDT;nyse
PEAK;nyse
PEB;nyse
PEBK;nasdaq
PEBO;nasdaq
PEB^C;nyse
PEB^D;nyse
PEB^E;nyse
PEB^F;nyse
PED;amex
PEG;nyse
PEGA;nasdaq
PEI;nyse
PEI^B;nyse
PEI^C;nyse
PEI^D;nyse
PEN;nyse
PENN;nasdaq
PEO;nyse
PEP;nasdaq
PERI;nasdaq
PESI;nasdaq
PETQ;nasdaq
PETS;nasdaq
PETZ;nasdaq
PFBC;nasdaq
PFBI;nasdaq
PFC;nasdaq
PFD;nyse
PFDRU;nasdaq
PFE;nyse
PFG;nasdaq
PFGC;nyse
PFH;nyse
PFHD;nasdaq
PFIE;nasdaq
PFIN;nasdaq
PFIS;nasdaq
PFL;nyse
PFLT;nasdaq
PFMT;nasdaq
PFN;nyse
PFO;nyse
PFPT;nasdaq
PFS;nyse
PFSI;nyse
PFSW;nasdaq
PFX;nasdaq
PFXNL;nasdaq
PG;nyse
PGC;nasdaq
PGEN;nasdaq
PGNY;nasdaq
PGP;nyse
PGR;nyse
PGRE;nyse
PGRWU;nasdaq
PGTI;nyse
PGZ;nyse
PH;nyse
PHAR;nasdaq
PHAS;nasdaq
PHAT;nasdaq
PHCF;nasdaq
PHD;nyse
PHG;nyse
PHGE;amex
PHI;nyse
PHIC;nasdaq
PHICU;nasdaq
PHICW;nasdaq
PHIO;nasdaq
PHIOW;nasdaq
PHK;nyse
PHM;nyse
PHR;nyse
PHT;nyse
PHUN;nasdaq
PHUNW;nasdaq
PHVS;nasdaq
PHX;nyse
PI;nasdaq
PIAI;nyse
PICO;nasdaq
PII;nyse
PIM;nyse
PINC;nasdaq
PINE;nyse
PING;nyse
PINS;nyse
PIPP;nyse
PIPR;nyse
PIRS;nasdaq
PIXY;nasdaq
PJT;nyse
PK;nyse
PKBK;nasdaq
PKE;nyse
PKG;nyse
PKI;nyse
PKO;nyse
PKOH;nasdaq
PKX;nyse
PLAB;nasdaq
PLAG;amex
PLAN;nyse
PLAY;nasdaq
PLBC;nasdaq
PLBY;nasdaq
PLCE;nasdaq
PLD;nyse
PLG;amex
PLIN;nasdaq
PLL;nasdaq
PLM;amex
PLMR;nasdaq
PLNT;nyse
PLOW;nyse
PLPC;nasdaq
PLRX;nasdaq
PLSE;nasdaq
PLT;nyse
PLTK;nasdaq
PLTR;nyse
PLUG;nasdaq
PLUS;nasdaq
PLX;amex
PLXP;nasdaq
PLXS;nasdaq
PLYA;nasdaq
PLYM;nyse
PLYM^A;amex
PM;nyse
PMBC;nasdaq
PMD;nasdaq
PME;nasdaq
PMF;nyse
PMGMU;nasdaq
PML;nyse
PMM;nyse
PMO;nyse
PMT;nyse
PMT^A;nyse
PMT^B;nyse
PMVC;nyse
PMVP;nasdaq
PMX;nyse
PNBK;nasdaq
PNC;nyse
PNC^P;nyse
PNF;nyse
PNFP;nasdaq
PNFPP;nasdaq
PNI;nyse
PNM;nyse
PNNT;nasdaq
PNNTG;nasdaq
PNR;nyse
PNRG;nasdaq
PNTG;nasdaq
PNW;nyse
POAI;nasdaq
PODD;nasdaq
POLA;nasdaq
POOL;nasdaq
POR;nyse
POSH;nasdaq
POST;nyse
POWI;nasdaq
POWL;nasdaq
POWRU;nasdaq
POWW;nasdaq
PPBI;nasdaq
PPBT;nasdaq
PPC;nasdaq
PPD;nasdaq
PPG;nyse
PPGHU;nasdaq
PPIH;nasdaq
PPL;nyse
PPR;nyse
PPSI;nasdaq
PPT;nyse
PPTA;nasdaq
PPX;nyse
PQG;nyse
PRA;nyse
PRAA;nasdaq
PRAH;nasdaq
PRAX;nasdaq
PRCH;nasdaq
PRCHW;nasdaq
PRDO;nasdaq
PRE^G;nyse
PRE^H;nyse
PRE^I;nyse
PRFT;nasdaq
PRFX;nasdaq
PRG;nyse
PRGO;nyse
PRGS;nasdaq
PRGX;nasdaq
PRI;nyse
PRIF^A;nyse
PRIF^B;nyse
PRIF^C;nyse
PRIF^E;nyse
PRIF^F;nyse
PRIM;nasdaq
PRK;amex
PRLB;nyse
PRLD;nasdaq
PRMW;nyse
PRO;nyse
PROF;nasdaq
PROG;nasdaq
PROS;nyse
PROV;nasdaq
PRPB;nyse
PRPH;nasdaq
PRPL;nasdaq
PRPO;nasdaq
PRQR;nasdaq
PRS;nyse
PRSP;nyse
PRSRU;nasdaq
PRT;nyse
PRTA;nasdaq
PRTC;nasdaq
PRTH;nasdaq
PRTK;nasdaq
PRTS;nasdaq
PRTY;nyse
PRU;nyse
PRVB;nasdaq
PS;nasdaq
PSA;nyse
PSAC;nasdaq
PSACU;nasdaq
PSACW;nasdaq
PSA^C;nyse
PSA^D;nyse
PSA^E;nyse
PSA^F;nyse
PSA^G;nyse
PSA^H;nyse
PSA^I;nyse
PSA^J;nyse
PSA^K;nyse
PSA^L;nyse
PSA^M;nyse
PSA^N;nyse
PSA^O;nyse
PSB;nyse
PSB^W;nyse
PSB^X;nyse
PSB^Y;nyse
PSB^Z;nyse
PSEC;nasdaq
PSF;nyse
PSHG;nasdaq
PSMT;nasdaq
PSN;nyse
PSNL;nasdaq
PSO;nyse
PSTG;nyse
PSTH;nyse
PSTI;nasdaq
PSTL;nyse
PSTV;nasdaq
PSTX;nasdaq
PSX;nyse
PSXP;nyse
PT;nasdaq
PTA;nyse
PTC;nasdaq
PTCT;nasdaq
PTE;nasdaq
PTEN;nasdaq
PTGX;nasdaq
PTIC;nasdaq
PTICU;nasdaq
PTICW;nasdaq
PTK;amex
PTMN;nasdaq
PTN;amex
PTNR;nasdaq
PTON;nasdaq
PTPI;nasdaq
PTR;nyse
PTRS;nasdaq
PTSI;nasdaq
PTVCA;nasdaq
PTVCB;nasdaq
PTVE;nasdaq
PTY;nyse
PUBM;nasdaq
PUCKU;nasdaq
PUK;nyse
PUK^;nyse
PUK^A;nyse
PULM;nasdaq
PUMP;nyse
PUYI;nasdaq
PVAC;nasdaq
PVBC;nasdaq
PVG;nyse
PVH;nyse
PVL;nyse
PW;amex
PWFL;nasdaq
PWOD;nasdaq
PWR;nyse
PW^A;amex
PXD;nyse
PXLW;nasdaq
PXS;nasdaq
PXSAP;nasdaq
PXSAW;nasdaq
PYN;nyse
PYPD;nasdaq
PYPL;nasdaq
PYS;nyse
PYT;nyse
PZC;nyse
PZG;amex
PZN;nyse
PZZA;nasdaq
QADA;nasdaq
QADB;nasdaq
QCOM;nasdaq
QCRH;nasdaq
QD;nyse
QDEL;nasdaq
QELL;nasdaq
QELLU;nasdaq
QELLW;nasdaq
QEP;nyse
QFIN;nasdaq
QGEN;nyse
QH;nasdaq
QIWI;nasdaq
QK;nasdaq
QLGN;nasdaq
QLI;nasdaq
QLYS;nasdaq
QMCO;nasdaq
QNST;nasdaq
QQQX;nasdaq
QRHC;nasdaq
QRTEA;nasdaq
QRTEB;nasdaq
QRTEP;nasdaq
QRVO;nasdaq
QS;nyse
QSR;nyse
QTNT;nasdaq
QTRX;nasdaq
QTS;nyse
QTS^A;nyse
QTS^B;nyse
QTT;nasdaq
QTWO;nyse
QUAD;nyse
QUIK;nasdaq
QUMU;nasdaq
QUOT;nyse
QURE;nasdaq
QVCC;nyse
QVCD;nyse
R;nyse
RA;nyse
RAAC;nasdaq
RAACU;nasdaq
RAACW;nasdaq
RAAS;nyse
RACA;nasdaq
RACE;nyse
RAD;nyse
RADA;nasdaq
RADI;nasdaq
RAIL;nasdaq
RAMP;nyse
RAND;nasdaq
RAPT;nasdaq
RARE;nasdaq
RAVE;nasdaq
RAVN;nasdaq
RBA;nyse
RBAC;nyse
RBB;nasdaq
RBBN;nasdaq
RBC;nyse
RBCAA;nasdaq
RBCN;nasdaq
RBKB;nasdaq
RBNC;nasdaq
RC;nyse
RCA;nyse
RCB;nyse
RCC;nyse
RCEL;nasdaq
RCG;amex
RCHG;nasdaq
RCHGU;nasdaq
RCHGW;nasdaq
RCI;nyse
RCII;nasdaq
RCKT;nasdaq
RCKY;nasdaq
RCL;nyse
RCLFU;nasdaq
RCM;nasdaq
RCMT;nasdaq
RCON;nasdaq
RCP;nyse
RCS;nyse
RCUS;nyse
RDCM;nasdaq
RDFN;nasdaq
RDHL;nasdaq
RDI;nasdaq
RDIB;nasdaq
RDN;nyse
RDNT;nasdaq
RDS/B;nyse
RDUS;nasdaq
RDVT;nasdaq
RDWR;nasdaq
RDY;nyse
RE;nyse
REAL;nasdaq
REDU;nasdaq
REED;nasdaq
REFR;nasdaq
REG;nasdaq
REGI;nasdaq
REGN;nasdaq
REI;amex
REKR;nasdaq
RELI;nasdaq
RELIW;nasdaq
RELL;nasdaq
RELX;nyse
RENN;nyse
REPH;nasdaq
REPL;nasdaq
RES;nyse
RESN;nasdaq
RETA;nasdaq
RETO;nasdaq
REV;nyse
REVG;nyse
REX;nyse
REXR;nyse
REXR^A;nyse
REXR^B;nyse
REXR^C;nyse
REYN;nasdaq
REZI;nyse
RF;nyse
RFI;nyse
RFIL;nasdaq
RFL;nyse
RFM;nyse
RFP;nyse
RF^A;nyse
RF^B;nyse
RF^C;nyse
RGA;nyse
RGCO;nasdaq
RGEN;nasdaq
RGLD;nasdaq
RGLS;nasdaq
RGNX;nasdaq
RGP;nasdaq
RGR;nyse
RGS;nyse
RGT;nyse
RH;nyse
RHE;amex
RHE^A;amex
RHI;nyse
RHP;nyse
RIBT;nasdaq
RICE;nyse
RICK;nasdaq
RIDE;nasdaq
RIG;nyse
RIGL;nasdaq
RILY;nasdaq
RILYG;nasdaq
RILYH;nasdaq
RILYI;nasdaq
RILYL;nasdaq
RILYM;nasdaq
RILYN;nasdaq
RILYO;nasdaq
RILYP;nasdaq
RILYT;nasdaq
RILYZ;nasdaq
RIO;nyse
RIOT;nasdaq
RIV;nyse
RIVE;nasdaq
RJF;nyse
RKDA;nasdaq
RKT;nyse
RL;nyse
RLAY;nasdaq
RLGT;amex
RLGY;nyse
RLH;nyse
RLI;nyse
RLJ;nyse
RLJ^A;nyse
RLMD;nasdaq
RLX;nyse
RM;nyse
RMAX;nyse
RMBI;nasdaq
RMBL;nasdaq
RMBS;nasdaq
RMCF;nasdaq
RMD;nyse
RMED;amex
RMGB;nasdaq
RMGBU;nasdaq
RMGBW;nasdaq
RMGCU;nasdaq
RMI;nyse
RMM;nyse
RMNI;nasdaq
RMO;nyse
RMPL^;nyse
RMR;nasdaq
RMRM;nasdaq
RMT;nyse
RMTI;nasdaq
RNA;nasdaq
RNDB;nasdaq
RNET;nasdaq
RNG;nyse
RNGR;nyse
RNLX;nasdaq
RNP;nyse
RNR;nyse
RNR^E;nyse
RNR^F;nyse
RNST;nasdaq
RNWK;nasdaq
ROAD;nasdaq
ROCC;nasdaq
ROCCU;nasdaq
ROCCW;nasdaq
ROCH;nasdaq
ROCHU;nasdaq
ROCHW;nasdaq
ROCK;nasdaq
ROG;nyse
ROIC;nasdaq
ROK;nyse
ROKU;nasdaq
ROL;nyse
ROLL;nasdaq
ROOT;nasdaq
ROP;nyse
ROST;nasdaq
RP;nasdaq
RPAI;nyse
RPAY;nasdaq
RPD;nasdaq
RPLA;nyse
RPM;nyse
RPRX;nasdaq
RPT;nyse
RPTX;nasdaq
RPT^D;nyse
RQI;nyse
RRBI;nasdaq
RRC;nyse
RRD;nyse
RRGB;nasdaq
RRR;nasdaq
RS;nyse
RSF;nyse
RSG;nyse
RSI;nyse
RSSS;nasdaq
RSVA;nasdaq
RSVAU;nasdaq
RSVAW;nasdaq
RTLR;nasdaq
RTP;nyse
RTPZ;nyse
RTX;nyse
RUBY;nasdaq
RUHN;nasdaq
RUN;nasdaq
RUSHA;nasdaq
RUSHB;nasdaq
RUTH;nasdaq
RVI;nyse
RVLV;nyse
RVMD;nasdaq
RVNC;nasdaq
RVP;amex
RVPH;nasdaq
RVPHW;nasdaq
RVSB;nasdaq
RVT;nyse
RWLK;nasdaq
RWT;nyse
RXN;nyse
RXT;nasdaq
RY;nyse
RYAAY;nasdaq
RYAM;nyse
RYB;nyse
RYI;nyse
RYN;nyse
RYTM;nasdaq
RY^T;nyse
RZA;nyse
RZB;nyse
RZLT;nasdaq
SA;nyse
SABR;nasdaq
SABRP;nasdaq
SACC;amex
SACH;amex
SAF;nyse
SAFE;nyse
SAFM;nasdaq
SAFT;nasdaq
SAGE;nasdaq
SAH;nyse
SAIA;nasdaq
SAIC;nyse
SAII;nasdaq
SAIIU;nasdaq
SAIIW;nasdaq
SAIL;nyse
SAK;nyse
SAL;nasdaq
SALM;nasdaq
SAM;nyse
SAMG;nasdaq
SAN;nyse
SANA;nasdaq
SAND          ;nyse
SANM;nasdaq
SANW;nasdaq
SAP;nyse
SAR;nyse
SASR;nasdaq
SATS;nasdaq
SAVA;nasdaq
SAVE;nyse
SB;nyse
SBAC;nasdaq
SBBA;nyse
SBBP;nasdaq
SBCF;nasdaq
SBE;nyse
SBFG;nasdaq
SBG;nyse
SBGI;nasdaq
SBH;nyse
SBI;nyse
SBLK;nasdaq
SBLKZ;nasdaq
SBNY;nasdaq
SBNYP;nasdaq
SBOW;nyse
SBR;nyse
SBRA;nasdaq
SBS;nyse
SBSI;nasdaq
SBSW;nyse
SBT;nasdaq
SBTX;nasdaq
SBUX;nasdaq
SB^C;nyse
SB^D;nyse
SC;nyse
SCCB;amex
SCCC;amex
SCCO;nyse
SCD;nyse
SCE^G;nyse
SCE^H;nyse
SCE^J;nyse
SCE^K;nyse
SCE^L;nyse
SCHL;nasdaq
SCHN;nasdaq
SCHW;nyse
SCHW^C;nyse
SCHW^D;nyse
SCI;nyse
SCKT;nasdaq
SCL;nyse
SCLEU;nasdaq
SCM;nyse
SCOA;nasdaq
SCOAU;nasdaq
SCOAW;nasdaq
SCOBU;nasdaq
SCOR;nasdaq
SCPE;nyse
SCPH;nasdaq
SCPL;nasdaq
SCPS;nasdaq
SCS;nyse
SCSC;nasdaq
SCU;nyse
SCVL;nasdaq
SCVX;nyse
SCWX;nasdaq
SCX;nyse
SCYX;nasdaq
SD;nyse
SDACU;nasdaq
SDC;nasdaq
SDGR;nasdaq
SDH;nasdaq
SDHY;nyse
SDPI;amex
SE;nyse
SEAC;nasdaq
SEAH;nyse
SEAS;nyse
SEB;amex
SECO;nasdaq
SEDG;nasdaq
SEE;nyse
SEED;nasdaq
SEEL;nasdaq
SEER;nasdaq
SEIC;nasdaq
SELB;nasdaq
SELF;nasdaq
SEM;nyse
SENEA;nasdaq
SENEB;nasdaq
SENS;amex
SESN;nasdaq
SF;nyse
SFB;nyse
SFBC;nasdaq
SFBS;nasdaq
SFE;nyse
SFET;nasdaq
SFIX;nasdaq
SFL;nyse
SFM;nasdaq
SFNC;nasdaq
SFST;nasdaq
SFT;nasdaq
SFTW;nyse
SFUN;nyse
SF^A;nyse
SF^B;nyse
SF^C;nyse
SG;nasdaq
SGA;nasdaq
SGAM;nasdaq
SGAMU;nasdaq
SGAMW;nasdaq
SGBX;nasdaq
SGC;nasdaq
SGEN;nasdaq
SGFY;nyse
SGH;nasdaq
SGLB;nasdaq
SGLBW;nasdaq
SGMA;nasdaq
SGMO;nasdaq
SGMS;nasdaq
SGOC;nasdaq
SGRP;nasdaq
SGRY;nasdaq
SGTX;nasdaq
SGU;nyse
SHACU;nasdaq
SHAK;nyse
SHBI;nasdaq
SHC;nasdaq
SHEN;nasdaq
SHG;nyse
SHI;nyse
SHIP;nasdaq
SHIPW;nasdaq
SHIPZ;nasdaq
SHLS;nasdaq
SHLX;nyse
SHO;nyse
SHOO;nasdaq
SHOP;nyse
SHO^E;nyse
SHO^F;nyse
SHSP;nasdaq
SHW;nyse
SHYF;nasdaq
SI;nyse
SIBN;nasdaq
SIC;nasdaq
SID;nyse
SIEB;nasdaq
SIEN;nasdaq
SIF;amex
SIFY;nasdaq
SIG;nyse
SIGA;nasdaq
SIGI;nasdaq
SIGIP;nasdaq
SII;nyse
SILC;nasdaq
SILK;nasdaq
SILV;amex
SIM;amex
SIMO;nasdaq
SINA;nasdaq
SINO;nasdaq
SINT;nasdaq
SIOX;nasdaq
SIRI;nasdaq
SITC;nyse
SITC^A;nyse
SITC^K;nyse
SITE;nyse
SITM;nasdaq
SIVB;nasdaq
SIVBP;nasdaq
SIX;nyse
SJ;nasdaq
SJI;nyse
SJIJ;nyse
SJIU;nyse
SJM;nyse
SJR;nyse
SJT;nyse
SJW;nyse
SKLZ;nyse
SKM;nyse
SKT;nyse
SKX;nyse
SKY;nyse
SKYW;nasdaq
SLAB;nasdaq
SLB;nyse
SLCA;nyse
SLCRU;nasdaq
SLCT;nasdaq
SLDB;nasdaq
SLF;nyse
SLG;nyse
SLGG;nasdaq
SLGL;nasdaq
SLGN;nasdaq
SLG^I;nyse
SLM;nasdaq
SLMBP;nasdaq
SLN;nasdaq
SLNO;nasdaq
SLP;nasdaq
SLQT;nyse
SLRC;nasdaq
SLRX;nasdaq
SLS;nasdaq
SM;nyse
SMAR;nyse
SMBC;nasdaq
SMBK;nasdaq
SMCI;nasdaq
SMED;nasdaq
SMFG;nyse
SMG;nyse
SMHI;nyse
SMID;nasdaq
SMIT;nasdaq
SMLP;nyse
SMM;nyse
SMMF;nasdaq
SMMT;nasdaq
SMP;nyse
SMPL;nasdaq
SMSI;nasdaq
SMTC;nasdaq
SMTI;nasdaq
SMTS;amex
SMTX;nasdaq
SNA;nyse
SNAP;nyse
SNBR;nasdaq
SNCA;nasdaq
SNCR;nasdaq
SND;nasdaq
SNDE;nasdaq
SNDL;nasdaq
SNDR;nyse
SNDX;nasdaq
SNE;nyse
SNES;nasdaq
SNEX;nasdaq
SNFCA;nasdaq
SNGX;nasdaq
SNGXW;nasdaq
SNMP;amex
SNN;nyse
SNOA;nasdaq
SNOW;nyse
SNP;nyse
SNPR;nyse
SNPS;nasdaq
SNR;nyse
SNRH;nasdaq
SNRHU;nasdaq
SNRHW;nasdaq
SNSE;nasdaq
SNSS;nasdaq
SNV;nyse
SNV^D;nyse
SNV^E;nyse
SNX;nyse
SNY;nasdaq
SO;nyse
SOAC;nyse
SOGO;nyse
SOHO;nasdaq
SOHOB;nasdaq
SOHON;nasdaq
SOHOO;nasdaq
SOHU;nasdaq
SOI;nyse
SOJB;nyse
SOJC;nyse
SOJD;nyse
SOJE;nyse
SOL;nyse
SOLN;nyse
SOLO;nasdaq
SOLOW;nasdaq
SOLY;nasdaq
SON;nyse
SONA;nasdaq
SONM;nasdaq
SONN;nasdaq
SONO;nasdaq
SOR;nyse
SOS;nyse
SP;nasdaq
SPB;nyse
SPCB;nasdaq
SPCE;nyse
SPE;nyse
SPE^B;nyse
SPFI;nasdaq
SPFR;nyse
SPG;nyse
SPGI;nyse
SPG^J;nyse
SPH;nyse
SPI;nasdaq
SPKE;nasdaq
SPKEP;nasdaq
SPLK;nasdaq
SPLP;nyse
SPLP^A;nyse
SPNE;nasdaq
SPNS;nasdaq
SPNV;nyse
SPOK;nasdaq
SPOT;nyse
SPPI;nasdaq
SPR;nyse
SPRB;nasdaq
SPRO;nasdaq
SPRQ;nyse
SPRT;nasdaq
SPSC;nasdaq
SPT;nasdaq
SPTKU;nasdaq
SPTN;nasdaq
SPWH;nasdaq
SPWR;nasdaq
SPXC;nyse
SPXX;nyse
SQ;nyse
SQBG;nasdaq
SQFT;nasdaq
SQM;nyse
SQNS;nyse
SQZ;nyse
SR;nyse
SRAC;nasdaq
SRACU;nasdaq
SRACW;nasdaq
SRAX;nasdaq
SRC;nyse
SRCE;nasdaq
SRCL;nasdaq
SRC^A;nyse
SRDX;nasdaq
SRE;nyse
SREA;nyse
SREV;nasdaq
SRE^B;nyse
SRG;nyse
SRGA;nasdaq
SRG^A;nyse
SRI;nyse
SRL;nyse
SRLP;nyse
SRNE;nasdaq
SRPT;nasdaq
SRRA;nasdaq
SRRK;nasdaq
SRSA;nasdaq
SRSAU;nasdaq
SRSAW;nasdaq
SRT;nyse
SRTS;nasdaq
SRV;nyse
SR^A;nyse
SSAAU;nasdaq
SSB;nasdaq
SSBI;nasdaq
SSD;nyse
SSKN;nasdaq
SSL;nyse
SSNC;nasdaq
SSNT;nasdaq
SSP;nasdaq
SSPK;nasdaq
SSPKU;nasdaq
SSPKW;nasdaq
SSRM;nasdaq
SSSS;nasdaq
SSTI;nasdaq
SSTK;nyse
SSY;amex
SSYS;nasdaq
ST;nyse
STAA;nasdaq
STAF;nasdaq
STAG;nyse
STAG^C;nyse
STAR          ;nyse
STAR^D;nyse
STAR^G;nyse
STAR^I;nyse
STAY;nasdaq
STBA;nasdaq
STC;nyse
STCN;nasdaq
STE;nyse
STEP;nasdaq
STFC;nasdaq
STG;nyse
STIC;nyse
STIM;nasdaq
STK;nyse
STKL;nasdaq
STKS;nasdaq
STL;nyse
STLA;nyse
STLD;nasdaq
STL^A;nyse
STM;nyse
STMP;nasdaq
STN;nyse
STND;nasdaq
STNE;nasdaq
STNG;nyse
STOK;nasdaq
STON;nyse
STOR;nyse
STPK;nyse
STRA;nasdaq
STRL;nasdaq
STRM;nasdaq
STRO;nasdaq
STRR;nasdaq
STRRP;nasdaq
STRS;nasdaq
STRT;nasdaq
STSA;nasdaq
STT;nyse
STTK;nasdaq
STT^D;nyse
STT^G;nyse
STWD;nyse
STWO;nasdaq
STWOU;nasdaq
STWOW;nasdaq
STX;nasdaq
STXB;nasdaq
STXS;amex
STZ;nyse
STZ/B;nyse
SU;nyse
SUI;nyse
SUM;nyse
SUMO;nasdaq
SUMR;nasdaq
SUN;nyse
SUNS;nasdaq
SUNW;nasdaq
SUP;nyse
SUPN;nasdaq
SUPV;nyse
SURF;nasdaq
SUZ;nyse
SV;nasdaq
SVAC;nasdaq
SVACU;nasdaq
SVACW;nasdaq
SVBI;nasdaq
SVC;nasdaq
SVFA;nasdaq
SVFAU;nasdaq
SVFAW;nasdaq
SVM;amex
SVMK;nasdaq
SVOK;nasdaq
SVOKU;nasdaq
SVOKW;nasdaq
SVRA;nasdaq
SVSVU;nasdaq
SVSVW;nasdaq
SVT;amex
SVVC;nasdaq
SWAV;nasdaq
SWBI;nasdaq
SWCH;nyse
SWETU;nasdaq
SWI;nyse
SWIR;nasdaq
SWK;nyse
SWKH;nasdaq
SWKS;nasdaq
SWM;nyse
SWN;nyse
SWT;nyse
SWTX;nasdaq
SWX;nyse
SWZ;nyse
SXC;nyse
SXI;nyse
SXT;nyse
SXTC;nasdaq
SY;nasdaq
SYBT;nasdaq
SYBX;nasdaq
SYF;nyse
SYF^A;nyse
SYK;nyse
SYKE;nasdaq
SYN;amex
SYNA;nasdaq
SYNC;nasdaq
SYNH;nasdaq
SYNL;nasdaq
SYPR;nasdaq
SYRS;nasdaq
SYTA;nasdaq
SYTAW;nasdaq
SYX;nyse
SYY;nyse
SZC;nyse
T;nyse
TA;nasdaq
TAC;nyse
TACA;nyse
TACO;nasdaq
TACT;nasdaq
TAIT;nasdaq
TAK;nyse
TAL;nyse
TALO;nyse
TANH;nasdaq
TANNI;nasdaq
TANNL;nasdaq
TANNZ;nasdaq
TAOP;nasdaq
TAP;nyse
TARA;nasdaq
TARO;nyse
TARS;nasdaq
TAST;nasdaq
TATT;nasdaq
TAYD;nasdaq
TBA;nyse
TBB;nyse
TBBK;nasdaq
TBC;nyse
TBCPU;nasdaq
TBI;nyse
TBIO;nasdaq
TBK;nasdaq
TBKCP;nasdaq
TBLT;nasdaq
TBLTW;nasdaq
TBNK;nasdaq
TBPH;nasdaq
TC;nasdaq
TCACU;nasdaq
TCBI;nasdaq
TCBIL;nasdaq
TCBIP;nasdaq
TCBK;nasdaq
TCDA;nasdaq
TCF;nasdaq
TCFC;nasdaq
TCFCP;nasdaq
TCI;nyse
TCMD;nasdaq
TCOM;nasdaq
TCON;nasdaq
TCP;nyse
TCPC;nasdaq
TCRR;nasdaq
TCS;nyse
TCX;nasdaq
TD;nyse
TDA;nyse
TDAC;nasdaq
TDACU;nasdaq
TDACW;nasdaq
TDC;nyse
TDE;nyse
TDF;nyse
TDG;nyse
TDI;nyse
TDJ;nyse
TDOC;nyse
TDS;nyse
TDW;nyse
TDY;nyse
TEAF;nyse
TEAM;nasdaq
TECH;nasdaq
TECK;nyse
TECTP;nasdaq
TEDU;nasdaq
TEF;nyse
TEI;nyse
TEKK;nasdaq
TEKKU;nasdaq
TEKKW;nasdaq
TEL;nyse
TELA;nasdaq
TELL;nasdaq
TEN;nyse
TENB;nasdaq
TENX;nasdaq
TEO;nyse
TER;nasdaq
TERN;nasdaq
TESS;nasdaq
TEVA;nyse
TEX;nyse
TFC;nyse
TFC^F;nyse
TFC^G;nyse
TFC^H;nyse
TFC^I;nyse
TFC^O;nyse
TFC^R;nyse
TFFP;nasdaq
TFII;nyse
TFSA;nyse
TFSL;nasdaq
TFX;nyse
TG;nyse
TGA;nasdaq
TGB;amex
TGC;amex
TGH;nyse
TGI;nyse
TGLS;nasdaq
TGNA;nyse
TGP;nyse
TGP^A;nyse
TGP^B;nyse
TGS;nyse
TGT;nyse
TGTX;nasdaq
TH;nasdaq
THBR;nasdaq
THBRU;nasdaq
THBRW;nasdaq
THC;nyse
THCA;nasdaq
THCAU;nasdaq
THCAW;nasdaq
THCB;nasdaq
THCBU;nasdaq
THCBW;nasdaq
THFF;nasdaq
THG;nyse
THM;amex
THMAU;nasdaq
THMO;nasdaq
THO;nyse
THQ;nyse
THR;nyse
THRM;nasdaq
THRY;nasdaq
THS;nyse
THTX;nasdaq
THW;nyse
THWWW;nasdaq
TIG;nasdaq
TIGO;nasdaq
TIGR;nasdaq
TILE;nasdaq
TIMB;nyse
TINV;nyse
TIPT;nasdaq
TIRX;nasdaq
TISI;nyse
TITN;nasdaq
TIXT;nyse
TJX;nyse
TK;nyse
TKAT;amex
TKC;nyse
TKR;nyse
TLC;nasdaq
TLGT;nasdaq
TLIS;nasdaq
TLK;nyse
TLMD;nasdaq
TLMDW;nasdaq
TLND;nasdaq
TLRY;nasdaq
TLS;nasdaq
TLSA;nasdaq
TLYS;nyse
TM;nyse
TMBR;amex
TMDI;nasdaq
TMDX;nasdaq
TME;nyse
TMHC;nyse
TMKRU;nasdaq
TMO;nyse
TMP;amex
TMPM;nasdaq
TMPMU;nasdaq
TMPMW;nasdaq
TMQ;amex
TMST;nyse
TMTS;nasdaq
TMTSU;nasdaq
TMTSW;nasdaq
TMUS;nasdaq
TMX;nyse
TNC;nyse
TNDM;nasdaq
TNET;nyse
TNK;nyse
TNL;nyse
TNP;nyse
TNP^D;nyse
TNP^E;nyse
TNP^F;nyse
TNXP;nasdaq
TOL;nyse
TOMZ;nasdaq
TOPS;nasdaq
TOT;nyse
TOUR;nasdaq
TOWN;nasdaq
TPB;nyse
TPC;nyse
TPCO;nasdaq
TPGY;nyse
TPH;nyse
TPHS;amex
TPIC;nasdaq
TPL;nyse
TPR;nyse
TPRE;nyse
TPTX;nasdaq
TPVG;nyse
TPVY;nyse
TPX;nyse
TPZ;nyse
TR;nyse
TRC;nyse
TRCH;nasdaq
TREB;nyse
TREC;nyse
TREE;nasdaq
TREX;nyse
TRGP;nyse
TRHC;nasdaq
TRI;nyse
TRIB;nasdaq
TRIL;nasdaq
TRIN;nasdaq
TRIP;nasdaq
TRIT;nasdaq
TRITW;nasdaq
TRMB;nasdaq
TRMD;nasdaq
TRMK;nasdaq
TRMT;nasdaq
TRN;nyse
TRNO;nyse
TRNS;nasdaq
TROW;nasdaq
TROX;nyse
TRP;nyse
TRQ;nyse
TRS;nasdaq
TRST;nasdaq
TRT;amex
TRTN;nyse
TRTN^A;nyse
TRTN^B;nyse
TRTN^C;nyse
TRTN^D;nyse
TRTX;nyse
TRU;nyse
TRUE;nasdaq
TRUP;nasdaq
TRV;nyse
TRVG;nasdaq
TRVI;nasdaq
TRVN;nasdaq
TRX;amex
TRXC;amex
TS;nyse
TSBK;nasdaq
TSC;nasdaq
TSCAP;nasdaq
TSCBP;nasdaq
TSCO;nasdaq
TSE;nyse
TSEM;nasdaq
TSHA;nasdaq
TSI;nyse
TSIA;nasdaq
TSIAU;nasdaq
TSIAW;nasdaq
TSIBU;nasdaq
TSLA;nasdaq
TSLX;nyse
TSM;nyse
TSN;nyse
TSQ;nyse
TSRI;nasdaq
TT;nyse
TTC;nyse
TTCF;nasdaq
TTD;nasdaq
TTEC;nasdaq
TTEK;nasdaq
TTGT;nasdaq
TTI;nyse
TTM;nyse
TTMI;nasdaq
TTNP;nasdaq
TTOO;nasdaq
TTP;nyse
TTWO;nasdaq
TU;nyse
TUFN;nyse
TUP;nyse
TURN;nasdaq
TUSK;nasdaq
TV;nyse
TVAC;nasdaq
TVACU;nasdaq
TVACW;nasdaq
TVC;nyse
TVE;nyse
TVTX;nasdaq
TVTY;nasdaq
TW;nasdaq
TWCT;nasdaq
TWCTU;nasdaq
TWCTW;nasdaq
TWI;nyse
TWIN;nasdaq
TWLO;nyse
TWN;nyse
TWND;nyse
TWNK;nasdaq
TWNKW;nasdaq
TWO;nyse
TWOU;nasdaq
TWO^A;nyse
TWO^B;nyse
TWO^C;nyse
TWO^D;nyse
TWO^E;nyse
TWST;nasdaq
TWTR;nyse
TX;nyse
TXG;nasdaq
TXMD;nasdaq
TXN;nasdaq
TXRH;nasdaq
TXT;nyse
TY;nyse
TYG;nyse
TYHT;nasdaq
TYL;nyse
TYME;nasdaq
TY^;nyse
TZOO;nasdaq
TZPSU;nasdaq
T^A;nyse
T^C;nyse
U;nyse
UA;nyse
UAA;nyse
UAL;nasdaq
UAMY;amex
UAN;nyse
UAVS;amex
UBA;nyse
UBCP;nasdaq
UBER;nyse
UBFO;nasdaq
UBOH;nasdaq
UBP;nyse
UBP^H;nyse
UBP^K;nyse
UBS;nyse
UBSI;nasdaq
UBX;nasdaq
UCBI;nasdaq
UCBIO;nasdaq
UCL;nasdaq
UCTT;nasdaq
UDR;nyse
UE;nyse
UEC;amex
UEIC;nasdaq
UEPS;nasdaq
UFAB;amex
UFCS;nasdaq
UFI;nyse
UFPI;nasdaq
UFPT;nasdaq
UFS;nyse
UG;nasdaq
UGI;nyse
UGP;nyse
UGRO;nasdaq
UHAL;nasdaq
UHS;nyse
UHT;nyse
UI;nyse
UIHC;nasdaq
UIS;nyse
UK;nasdaq
UKOMW;nasdaq
UL;nyse
ULBI;nasdaq
ULH;nasdaq
ULTA;nasdaq
UMBF;nasdaq
UMC;nyse
UMH;nyse
UMH^C;nyse
UMH^D;nyse
UMPQ;nasdaq
UNAM;nasdaq
UNB;nasdaq
UNF;nyse
UNFI;nyse
UNH;nyse
UNIT;nasdaq
UNM;nyse
UNMA;nyse
UNP;nyse
UNTY;nasdaq
UNVR;nyse
UONE;nasdaq
UONEK;nasdaq
UPLD;nasdaq
UPS;nyse
UPST;nasdaq
UPWK;nasdaq
URBN;nasdaq
URG;amex
URGN;nasdaq
URI;nyse
UROV;nasdaq
USA;nyse
USAC;nyse
USAK;nasdaq
USAP;nasdaq
USAS;amex
USAT;nasdaq
USAU;nasdaq
USB;nyse
USB^A;nyse
USB^H;nyse
USB^M;nyse
USB^P;nyse
USB^Q;nyse
USB^R;nyse
USCR;nasdaq
USDP;nyse
USEG;nasdaq
USFD;nyse
USIO;nasdaq
USLM;nasdaq
USM;nyse
USNA;nyse
USPH;nyse
USWS;nasdaq
USWSW;nasdaq
USX;nyse
UTF;nyse
UTG;amex
UTHR;nasdaq
UTI;nyse
UTL;nyse
UTMD;nasdaq
UTSI;nasdaq
UTZ;nyse
UUU;amex
UUUU;amex
UVE;nyse
UVSP;nasdaq
UVV;nyse
UWMC;nyse
UXIN;nasdaq
UZA;nyse
UZB;nyse
UZC;nyse
UZD;nyse
UZE;nyse
V;nyse
VAC;nyse
VACQ;nasdaq
VACQU;nasdaq
VACQW;nasdaq
VALE;nyse
VALU;nasdaq
VAPO;nyse
VAR;nyse
VBF;nyse
VBFC;nasdaq
VBIV;nasdaq
VBLT;nasdaq
VBTX;nasdaq
VC;nasdaq
VCEL;nasdaq
VCF;amex
VCIF;nyse
VCKAU;nasdaq
VCNX;nasdaq
VCRA;nyse
VCTR;nasdaq
VCV;nyse
VCVC;nasdaq
VCVCU;nasdaq
VCVCW;nasdaq
VCYT;nasdaq
VEC;nyse
VECO;nasdaq
VEDL;nyse
VEEV;nyse
VEL;nyse
VENAU;nasdaq
VEON;nasdaq
VER;nyse
VERB;nasdaq
VERBW;nasdaq
VERI;nasdaq
VERO;nasdaq
VERU;nasdaq
VERX;nasdaq
VERY;nasdaq
VER^F;nyse
VET;nyse
VFC;nyse
VFF;nasdaq
VFL;amex
VG;nasdaq
VGAC;nyse
VGI;nyse
VGM;nyse
VGR;nyse
VGZ;amex
VHAQ;amex
VHC;nyse
VHI;nyse
VIAC;nasdaq
VIACA;nasdaq
VIAO;nyse
VIAV;nasdaq
VICI;nyse
VICR;nasdaq
VIE;nasdaq
VIH;nasdaq
VIHAU;nasdaq
VIHAW;nasdaq
VII;nasdaq
VIIAU;nasdaq
VIIAW;nasdaq
VINC;nasdaq
VINCU;nasdaq
VINCW;nasdaq
VINO;nasdaq
VINP;nasdaq
VIOT;nasdaq
VIPS;nyse
VIR;nasdaq
VIRC;nasdaq
VIRI;nasdaq
VIRT;nasdaq
VISL;nasdaq
VIST;nyse
VITL;nasdaq
VIV;nyse
VIVE;nasdaq
VIVO;nasdaq
VJET;nasdaq
VKI;amex
VKQ;nyse
VKTX;nasdaq
VKTXW;nasdaq
VLDR;nasdaq
VLDRW;nasdaq
VLGEA;nasdaq
VLO;nyse
VLON;nasdaq
VLRS;nyse
VLT;nyse
VLY;nasdaq
VLYPO;nasdaq
VLYPP;nasdaq
VMAC;nasdaq
VMACU;nasdaq
VMACW;nasdaq
VMAR;nasdaq
VMC;nyse
VMD;nasdaq
VMI;nyse
VMM;amex
VMO;nyse
VMW;nyse
VNCE;nyse
VNDA;nasdaq
VNE;nyse
VNET;nasdaq
VNO;nyse
VNOM;nasdaq
VNO^K;nyse
VNO^L;nyse
VNO^M;nyse
VNO^N;nyse
VNRX;amex
VNT;nyse
VNTR;nyse
VOC;nyse
VOD;nasdaq
VOLT;amex
VOR;nasdaq
VOSOU;nasdaq
VOXX;nasdaq
VOYA;nyse
VOYA^B;nyse
VPG;nyse
VPV;nyse
VRA;nasdaq
VRAY;nasdaq
VRCA;nasdaq
VRDN;nasdaq
VREX;nasdaq
VRM;nasdaq
VRME;nasdaq
VRMEW;nasdaq
VRNA;nasdaq
VRNS;nasdaq
VRNT;nasdaq
VRPX;nasdaq
VRRM;nasdaq
VRS;nyse
VRSK;nasdaq
VRSN;nasdaq
VRT;nyse
VRTS;nasdaq
VRTV;nyse
VRTX;nasdaq
VS;nasdaq
VSAT;nasdaq
VSEC;nasdaq
VSH;nyse
VSPR;nasdaq
VSPRU;nasdaq
VSPRW;nasdaq
VSSYW;nasdaq
VST;nyse
VSTA;nasdaq
VSTM;nasdaq
VSTO;nyse
VTA;nyse
VTAQ;nasdaq
VTAQR;nasdaq
VTAQU;nasdaq
VTAQW;nasdaq
VTGN;nasdaq
VTIQU;nasdaq
VTN;nyse
VTNR;nasdaq
VTOL;nyse
VTR;nyse
VTRS;nasdaq
VTRU;nasdaq
VTSI;nasdaq
VTVT;nasdaq
VUZI;nasdaq
VVI;nyse
VVNT;nyse
VVOS;nasdaq
VVPR;nasdaq
VVR;nyse
VVV;nyse
VXRT;nasdaq
VYGG;nyse
VYGR;nasdaq
VYNE;nasdaq
W;nyse
WAB;nyse
WABC;nasdaq
WAFD;nasdaq
WAFDP;nasdaq
WAFU;nasdaq
WAL;nyse
WALA;nyse
WASH;nasdaq
WAT;nyse
WATT;nasdaq
WB;nasdaq
WBA;nasdaq
WBAI;nyse
WBK;nyse
WBS;nyse
WBS^F;nyse
WBT;nyse
WCC;nyse
WCC^A;nyse
WCN;nyse
WD;nyse
WDAY;nasdaq
WDC;nasdaq
WDFC;nasdaq
WDR;nyse
WEA;nyse
WEC;nyse
WEI;nyse
WELL;nyse
WEN;nasdaq
WERN;nasdaq
WES;nyse
WETF;nasdaq
WEX;nyse
WEYS;nasdaq
WF;nyse
WFC;nyse
WFC^A;nyse
WFC^C;nyse
WFC^L;nyse
WFC^N;nyse
WFC^O;nyse
WFC^P;nyse
WFC^Q;nyse
WFC^R;nyse
WFC^W;nyse
WFC^X;nyse
WFC^Y;nyse
WFC^Z;nyse
WFG;nyse
WGO;nyse
WH;nyse
WHD;nyse
WHF;nasdaq
WHFBZ;nasdaq
WHG;nyse
WHLM;nasdaq
WHLR;nasdaq
WHLRD;nasdaq
WHLRP;nasdaq
WHR;nyse
WIA;nyse
WIFI;nasdaq
WILC;nasdaq
WIMI;nasdaq
WINA;nasdaq
WING;nasdaq
WINT;nasdaq
WIRE;nasdaq
WISA;nasdaq
WISH;nasdaq
WIT;nyse
WIW;nyse
WIX;nasdaq
WK;nyse
WKEY;nasdaq
WKHS;nasdaq
WLDN;nasdaq
WLFC;nasdaq
WLK;nyse
WLKP;nyse
WLL;nyse
WLTW;nasdaq
WM;nyse
WMB;nyse
WMC;nyse
WMG;nasdaq
WMK;nyse
WMS;nyse
WMT;nyse
WNC;nyse
WNEB;nasdaq
WNS;nyse
WNW;nasdaq
WOOF;nasdaq
WOR;nyse
WORK;nyse
WORX;nasdaq
WOW;nyse
WPC;nyse
WPF;nyse
WPG;nyse
WPG^H;nyse
WPG^I;nyse
WPM;nyse
WPP;nyse
WPRT;nasdaq
WRAP;nasdaq
WRB;nyse
WRB^C;nyse
WRB^D;nyse
WRB^E;nyse
WRB^F;nyse
WRB^G;nyse
WRB^H;nyse
WRE;nyse
WRI;nyse
WRK;nyse
WRLD;nasdaq
WRN;amex
WSBC;nasdaq
WSBCP;nasdaq
WSBF;nasdaq
WSC;nasdaq
WSFS;nasdaq
WSM;nyse
WSO;nyse
WSO/B;nyse
WSR;nyse
WST;nyse
WSTG;nasdaq
WTBA;nasdaq
WTER;nasdaq
WTFC;nasdaq
WTFCM;nasdaq
WTFCP;nasdaq
WTI;nyse
WTM;nyse
WTRE;nasdaq
WTREP;nasdaq
WTRG;nyse
WTRH;nasdaq
WTRU;nyse
WTS;nyse
WTT;amex
WTTR;nyse
WU;nyse
WVE;nasdaq
WVFC;nasdaq
WVVI;nasdaq
WVVIP;nasdaq
WW;nasdaq
WWD;nasdaq
WWE;nyse
WWR;nasdaq
WWW;nyse
WY;nyse
WYNN;nasdaq
WYY;amex
X;nyse
XAIR;nasdaq
XBIO;nasdaq
XBIOW;nasdaq
XBIT;nasdaq
XCUR;nasdaq
XEC;nyse
XEL;nasdaq
XELA;nasdaq
XELB;nasdaq
XENE;nasdaq
XENT;nasdaq
XERS;nasdaq
XFLT;nyse
XFOR;nasdaq
XGN;nasdaq
XHR;nyse
XIN;nyse
XL;nyse
XLNX;nasdaq
XLRN;nasdaq
XM;nasdaq
XNCR;nasdaq
XNET;nasdaq
XOG;nasdaq
XOM;nyse
XOMA;nasdaq
XOMAP;nasdaq
XONE;nasdaq
XP;nasdaq
XPDIU;nasdaq
XPEL;nasdaq
XPER;nasdaq
XPEV;nyse
XPL;amex
XPO;nyse
XPOA;nyse
XRAY;nasdaq
XRX;nyse
XSPA;nasdaq
XTLB;nasdaq
XTNT;amex
XXII;amex
XYF;nyse
XYL;nyse
Y;nyse
YAC;nyse
YALA;nyse
YCBD;amex
YCBD^A;amex
YELL;nasdaq
YELP;nyse
YETI;nyse
YEXT;nyse
YGMZ;nasdaq
YI;nasdaq
YJ;nasdaq
YMAB;nasdaq
YMTX;nasdaq
YNDX;nasdaq
YORW;nasdaq
YPF;nyse
YQ;nasdaq
YRD;nyse
YSAC;nasdaq
YSACU;nasdaq
YSACW;nasdaq
YSG;nyse
YTEN;nasdaq
YTRA;nasdaq
YUM;nyse
YUMC;nyse
YVR;nasdaq
YY;nasdaq
Z;nasdaq
ZAGG;nasdaq
ZBH;nyse
ZBRA;nasdaq
ZCMD;nasdaq
ZDGE;amex
ZEAL;nasdaq
ZEN;nyse
ZEUS;nasdaq
ZG;nasdaq
ZGNX;nasdaq
ZGYH;nasdaq
ZGYHR;nasdaq
ZGYHU;nasdaq
ZGYHW;nasdaq
ZI;nasdaq
ZIM;nyse
ZION;nasdaq
ZIONL;nasdaq
ZIONN;nasdaq
ZIONO;nasdaq
ZIONP;nasdaq
ZIOP;nasdaq
ZIXI;nasdaq
ZKIN;nasdaq
ZLAB;nasdaq
ZM;nasdaq
ZNGA;nasdaq
ZNH;nyse
ZNTE;nasdaq
ZNTEU;nasdaq
ZNTEW;nasdaq
ZNTL;nasdaq
ZOM;amex
ZS;nasdaq
ZSAN;nasdaq
ZTO;nyse
ZTR;nyse
ZTS;nyse
ZUMZ;nasdaq
ZUO;nyse
ZVO;nasdaq
ZWRKU;nasdaq
ZYME;nyse
ZYNE;nasdaq
ZYXI;nasdaq
